detail_item_id,detail_item,sub_type_id,sub_type,major_type_id,major_type,row_count
DT0001,작업 전 준비,SB001,타워크레인(T형),MJ001,가설공사,2
DT0002,자재 반입 및 하역,SB001,타워크레인(T형),MJ001,가설공사,2
DT0003,기초 및 앙카 설치,SB001,타워크레인(T형),MJ001,가설공사,3
DT0004,보조 크레인 양중,SB001,타워크레인(T형),MJ001,가설공사,4
DT0005,Basic Mast 설치,SB001,타워크레인(T형),MJ001,가설공사,3
DT0006,Turn Table 설치,SB001,타워크레인(T형),MJ001,가설공사,2
DT0007,COUNTER JIB/FRONT JIB 설치,SB001,타워크레인(T형),MJ001,가설공사,4
DT0008,후크설치 및 와이어링,SB001,타워크레인(T형),MJ001,가설공사,3
DT0009,코핑게이지와 턴테이블 연결,SB001,타워크레인(T형),MJ001,가설공사,1
DT0010,유압실린더 작동 마스트 상승/연결,SB001,타워크레인(T형),MJ001,가설공사,4
DT0011,타워크레인 사용,SB001,타워크레인(T형),MJ001,가설공사,12
DT0012,타워크레인 해체,SB001,타워크레인(T형),MJ001,가설공사,3
DT0013,작업 전 준비,SB002,타워크레인(L형),MJ001,가설공사,2
DT0014,자재 반입 및 하역,SB002,타워크레인(L형),MJ001,가설공사,2
DT0015,기초 및 앙카 설치,SB002,타워크레인(L형),MJ001,가설공사,3
DT0016,보조 크레인 양중,SB002,타워크레인(L형),MJ001,가설공사,4
DT0017,Basic Mast 설치,SB002,타워크레인(L형),MJ001,가설공사,2
DT0018,Turn Table 설치,SB002,타워크레인(L형),MJ001,가설공사,2
DT0019,COUNTER JIB/FRONT JIB 설치,SB002,타워크레인(L형),MJ001,가설공사,4
DT0020,후크설치 및 와이어링,SB002,타워크레인(L형),MJ001,가설공사,3
DT0021,코핑게이지와 턴테이블 연결,SB002,타워크레인(L형),MJ001,가설공사,1
DT0022,유압실린더 작동 마스트 상승/연결,SB002,타워크레인(L형),MJ001,가설공사,4
DT0023,타워크레인 사용,SB002,타워크레인(L형),MJ001,가설공사,12
DT0024,타워크레인 해체,SB002,타워크레인(L형),MJ001,가설공사,3
DT0025,크레인 운반,SB003,대형크레인,MJ001,가설공사,3
DT0026,크레인 하역,SB003,대형크레인,MJ001,가설공사,3
DT0027,크레인 본체 궤도 하역 및 조립,SB003,대형크레인,MJ001,가설공사,2
DT0028,크레인 Weight 설치,SB003,대형크레인,MJ001,가설공사,3
DT0029,크레인 붐대 조립,SB003,대형크레인,MJ001,가설공사,4
DT0030,크레인 Back Stage 연결,SB003,대형크레인,MJ001,가설공사,2
DT0031,크레인 후크 및 W/R 설치,SB003,대형크레인,MJ001,가설공사,3
DT0032,작업 전 준비,SB004,건설작업용 리프트,MJ001,가설공사,2
DT0033,기초 콘크리트 설치,SB004,건설작업용 리프트,MJ001,가설공사,5
DT0034,설치용 장비 확인,SB004,건설작업용 리프트,MJ001,가설공사,4
DT0035,자재 반입 및 하역,SB004,건설작업용 리프트,MJ001,가설공사,5
DT0036,기초 프레임 설치,SB004,건설작업용 리프트,MJ001,가설공사,3
DT0037,베이직 마스트 설치,SB004,건설작업용 리프트,MJ001,가설공사,5
DT0038,적재함 설치,SB004,건설작업용 리프트,MJ001,가설공사,7
DT0039,마스트 및 벽지지대 설치,SB004,건설작업용 리프트,MJ001,가설공사,10
DT0040,설치완료 및 사용,SB004,건설작업용 리프트,MJ001,가설공사,11
DT0041,사전준비,SB005,낙하물방지망 설치,MJ001,가설공사,3
DT0042,자재운반 및 분배,SB005,낙하물방지망 설치,MJ001,가설공사,2
DT0043,수평브라켓 설치,SB005,낙하물방지망 설치,MJ001,가설공사,3
DT0044,사다리거치용 브라켓 설치,SB005,낙하물방지망 설치,MJ001,가설공사,2
DT0045,"수평브라켓, 와이어 설치",SB005,낙하물방지망 설치,MJ001,가설공사,3
DT0046,사다리 거치,SB005,낙하물방지망 설치,MJ001,가설공사,2
DT0047,안전망 펼치기,SB005,낙하물방지망 설치,MJ001,가설공사,2
DT0048,측벽 낙하물 방지망 설치,SB005,낙하물방지망 설치,MJ001,가설공사,2
DT0049,"낙하물방지망 인장, 결속",SB005,낙하물방지망 설치,MJ001,가설공사,2
DT0050,사전준비,SB006,낙하물방지망 해체,MJ001,가설공사,2
DT0051,낙하물방지망 해체,SB006,낙하물방지망 해체,MJ001,가설공사,4
DT0052,사다리 틀 상부 인양,SB006,낙하물방지망 해체,MJ001,가설공사,2
DT0053,사다리 제거,SB006,낙하물방지망 해체,MJ001,가설공사,1
DT0054,강관 파이프 제거,SB006,낙하물방지망 해체,MJ001,가설공사,1
DT0055,클립콘 해체,SB006,낙하물방지망 해체,MJ001,가설공사,2
DT0056,자재정리,SB006,낙하물방지망 해체,MJ001,가설공사,2
DT0057,사전준비,SB007,방호선반 설치,MJ001,가설공사,3
DT0058,자재운반 및 분배,SB007,방호선반 설치,MJ001,가설공사,3
DT0059,브라켓 및 고정대 설치,SB007,방호선반 설치,MJ001,가설공사,3
DT0060,방호선반 설치,SB007,방호선반 설치,MJ001,가설공사,2
DT0061,방호선반 설치 및 고정,SB007,방호선반 설치,MJ001,가설공사,2
DT0062,마무리 작업 및 자재정리,SB007,방호선반 설치,MJ001,가설공사,1
DT0063,베이직 마스트 설치,SB007,방호선반 설치,MJ001,가설공사,1
DT0064,발판선 해체,SB008,방호선반 해체,MJ001,가설공사,1
DT0065,와이어 결속,SB008,방호선반 해체,MJ001,가설공사,1
DT0066,방호선반 해체,SB008,방호선반 해체,MJ001,가설공사,2
DT0067,방호선반 양중,SB008,방호선반 해체,MJ001,가설공사,2
DT0068,브라켓 해체,SB008,방호선반 해체,MJ001,가설공사,1
DT0069,자재 정리정돈,SB008,방호선반 해체,MJ001,가설공사,2
DT0070,자재 반입 및 준비,SB009,수직보호망,MJ001,가설공사,2
DT0071,설치작업,SB009,수직보호망,MJ001,가설공사,2
DT0072,해체 및 반출,SB009,수직보호망,MJ001,가설공사,1
DT0073,작업준비,SB010,수직보호망(갱폼),MJ001,가설공사,3
DT0074,설치작업,SB010,수직보호망(갱폼),MJ001,가설공사,3
DT0075,해체작업,SB010,수직보호망(갱폼),MJ001,가설공사,2
DT0076,자재 반입 및 준비,SB011,수직보호망(계단연창),MJ001,가설공사,2
DT0077,계단연창 수직망 작업준비,SB011,수직보호망(계단연창),MJ001,가설공사,2
DT0078,계단연창 수직망 설치,SB011,수직보호망(계단연창),MJ001,가설공사,4
DT0079,해체 및 반출,SB011,수직보호망(계단연창),MJ001,가설공사,2
DT0080,자재반입 및 작업준비,SB012,안전난간대 설치,MJ001,가설공사,4
DT0081,안전난간대 설치,SB012,안전난간대 설치,MJ001,가설공사,6
DT0082,종료 및 정리정돈 작업,SB012,안전난간대 설치,MJ001,가설공사,2
DT0083,안전난간대 해체,SB013,안전난간대 해체,MJ001,가설공사,4
DT0084,종료 및 정리정돈 작업,SB013,안전난간대 해체,MJ001,가설공사,2
DT0085,작업 준비 및 자재 반입,SB014,추락방지망 설치,MJ001,가설공사,7
DT0086,추락방지망 설치,SB014,추락방지망 설치,MJ001,가설공사,4
DT0087,추락방지망 해체,SB015,추락방지망 해체,MJ001,가설공사,5
DT0088,작업종료 및 정리정돈,SB015,추락방지망 해체,MJ001,가설공사,2
DT0089,작업 전 준비,SB016,엘리베이터 개구부,MJ001,가설공사,2
DT0090,자재 반입 및 운반,SB016,엘리베이터 개구부,MJ001,가설공사,2
DT0091,E/V PIT 낙하물 방지망 설치,SB016,엘리베이터 개구부,MJ001,가설공사,2
DT0092,안전난간대 설치,SB016,엘리베이터 개구부,MJ001,가설공사,5
DT0093,E/V PIT內 이물질 제거,SB016,엘리베이터 개구부,MJ001,가설공사,6
DT0094,작업발판 설치,SB016,엘리베이터 개구부,MJ001,가설공사,2
DT0095,안전보호구 착용,SB016,엘리베이터 개구부,MJ001,가설공사,1
DT0096,E/V 작업,SB016,엘리베이터 개구부,MJ001,가설공사,1
DT0097,상부 난간대 설치,SB016,엘리베이터 개구부,MJ001,가설공사,1
DT0098,E/V PIT 내 경사합판 설치,SB016,엘리베이터 개구부,MJ001,가설공사,1
DT0099,E/V PIT 내 경사합판 제거,SB016,엘리베이터 개구부,MJ001,가설공사,3
DT0100,난간대 설치 및 작업종료,SB016,엘리베이터 개구부,MJ001,가설공사,2
DT0101,"E/V PIT 내 잔재물 제거, E/V PIT 추락방호시설 확인",SB017,엘리베이터 철근절단,MJ001,가설공사,6
DT0102,산소-LPG 용접기 상태 점검[LPG 역화방지기 및 소화기 점검],SB017,엘리베이터 철근절단,MJ001,가설공사,6
DT0103,하부(D-1)층 화재방지 및 낙하물 방지시설 설치,SB017,엘리베이터 철근절단,MJ001,가설공사,2
DT0104,절단작업,SB017,엘리베이터 철근절단,MJ001,가설공사,5
DT0105,하부층 잔재물 정리정돈,SB017,엘리베이터 철근절단,MJ001,가설공사,1
DT0106,E/V PIT 방호시설 설치,SB017,엘리베이터 철근절단,MJ001,가설공사,1
DT0107,설치계획서 사전검토,SB018,시스템 동바리,MJ001,가설공사,1
DT0108,"자재하역, 운반, 양중",SB018,시스템 동바리,MJ001,가설공사,5
DT0109,"잭베이스, 수직, 수평재  및 가새 설치",SB018,시스템 동바리,MJ001,가설공사,6
DT0110,작업발판 설치,SB018,시스템 동바리,MJ001,가설공사,3
DT0111,안전방망 및 외부 난간대 설치,SB018,시스템 동바리,MJ001,가설공사,4
DT0112,"유헤드, 멍에제 설치",SB018,시스템 동바리,MJ001,가설공사,3
DT0113,설치계획서 사전점검,SB019,시스템 비계,MJ001,가설공사,1
DT0114,"자재하역, 운반, 양중",SB019,시스템 비계,MJ001,가설공사,5
DT0115,"잭베이스, 수직/수평재 설치",SB019,시스템 비계,MJ001,가설공사,5
DT0116,"수평재, 가새, 벽이음 설치",SB019,시스템 비계,MJ001,가설공사,3
DT0117,작업발판 및 계단형 안전통로 설치,SB019,시스템 비계,MJ001,가설공사,8
DT0118,작업준비,SB020,비계 설치,MJ001,가설공사,1
DT0119,비계 자재 하역 및 운반,SB020,비계 설치,MJ001,가설공사,4
DT0120,비계 기둥 설치,SB020,비계 설치,MJ001,가설공사,2
DT0121,비계 띠장 설치,SB020,비계 설치,MJ001,가설공사,4
DT0122,발판 설치,SB020,비계 설치,MJ001,가설공사,5
DT0123,안전난간대 설치,SB020,비계 설치,MJ001,가설공사,2
DT0124,이동통로 설치,SB020,비계 설치,MJ001,가설공사,4
DT0125,벽이음 및 가새 설치,SB020,비계 설치,MJ001,가설공사,2
DT0126,안전망 및 안전표지판 설치,SB020,비계 설치,MJ001,가설공사,1
DT0127,작업 종료,SB020,비계 설치,MJ001,가설공사,2
DT0128,작업 준비,SB021,비계 해체,MJ001,가설공사,2
DT0129,수평파이프 해체,SB021,비계 해체,MJ001,가설공사,3
DT0130,유공발판 / 이동통로 해체,SB021,비계 해체,MJ001,가설공사,2
DT0131,벽이음 및 가새 해체,SB021,비계 해체,MJ001,가설공사,2
DT0132,수직파이프 해체,SB021,비계 해체,MJ001,가설공사,1
DT0133,자재정리정돈,SB021,비계 해체,MJ001,가설공사,2
DT0134,자재반출/작업종료,SB021,비계 해체,MJ001,가설공사,2
DT0135,천공 및 항타,SB022,가교,MJ001,가설공사,6
DT0136,벤트 설치,SB022,가교,MJ001,가설공사,3
DT0137,주행 거더보 설치,SB022,가교,MJ001,가설공사,3
DT0138,복공판 설치,SB022,가교,MJ001,가설공사,3
DT0139,"가설자재 운반, 반입작업",SB023,가설펜스,MJ001,가설공사,3
DT0140,기초파이프 박음작업,SB023,가설펜스,MJ001,가설공사,3
DT0141,기둥 및 수평재 고정작업,SB023,가설펜스,MJ001,가설공사,5
DT0142,가설휀스 고정작업,SB023,가설펜스,MJ001,가설공사,3
DT0143,분진망 설치작업,SB023,가설펜스,MJ001,가설공사,2
DT0144,기초설치,SB024,가설사무실 설치,MJ001,가설공사,6
DT0145,골조 작업,SB024,가설사무실 설치,MJ001,가설공사,7
DT0146,내부 작업,SB024,가설사무실 설치,MJ001,가설공사,6
DT0147,완료 및 사용,SB024,가설사무실 설치,MJ001,가설공사,8
DT0148,자재 반입 및 작업준비,SB025,가설분전함 설치,MJ001,가설공사,5
DT0149,자재운반,SB025,가설분전함 설치,MJ001,가설공사,4
DT0150,접지 작업,SB025,가설분전함 설치,MJ001,가설공사,4
DT0151,설치완료 및 점검,SB025,가설분전함 설치,MJ001,가설공사,6
DT0152,방음벽 자재 하차,SB026,가설방음벽,MJ001,가설공사,6
DT0153,기초 지반정리,SB026,가설방음벽,MJ001,가설공사,2
DT0154,방음벽 지주 설치/해체,SB026,가설방음벽,MJ001,가설공사,6
DT0155,방음판 설치/해체,SB026,가설방음벽,MJ001,가설공사,9
DT0156,장비반입 및 준비,SB027,가설용수,MJ001,가설공사,4
DT0157,천공,SB027,가설용수,MJ001,가설공사,2
DT0158,외부케이싱 설치,SB027,가설용수,MJ001,가설공사,3
DT0159,심정블럭 설치,SB027,가설용수,MJ001,가설공사,2
DT0160,심정모터 설치,SB027,가설용수,MJ001,가설공사,1
DT0161,배관연결 작업,SB027,가설용수,MJ001,가설공사,2
DT0162,판넬 설치,SB027,가설용수,MJ001,가설공사,1
DT0163,리더 제원 확인,SB028,항타기 조립/해체,MJ002,파일공사,2
DT0164,조립장소 확보,SB028,항타기 조립/해체,MJ002,파일공사,2
DT0165,장비 반입 및 하차,SB028,항타기 조립/해체,MJ002,파일공사,2
DT0166,리더 조립,SB028,항타기 조립/해체,MJ002,파일공사,1
DT0167,리더 세우기,SB028,항타기 조립/해체,MJ002,파일공사,3
DT0168,리더 수직도 확인,SB028,항타기 조립/해체,MJ002,파일공사,1
DT0169,항타기 해체,SB028,항타기 조립/해체,MJ002,파일공사,4
DT0170,항타기 반출,SB028,항타기 조립/해체,MJ002,파일공사,3
DT0171,"강관파일 입고,하역",SB029,강관파일 항타,MJ002,파일공사,2
DT0172,파일하역 및 적재,SB029,강관파일 항타,MJ002,파일공사,3
DT0173,강관파일 용접,SB029,강관파일 항타,MJ002,파일공사,4
DT0174,파일선적,SB029,강관파일 항타,MJ002,파일공사,3
DT0175,해상운반,SB029,강관파일 항타,MJ002,파일공사,2
DT0176,파일항타,SB029,강관파일 항타,MJ002,파일공사,5
DT0177,두부정리,SB029,강관파일 항타,MJ002,파일공사,4
DT0178,리더제원 확인,SB030,PHC 파일 항타,MJ002,파일공사,2
DT0179,조립장소 확보,SB030,PHC 파일 항타,MJ002,파일공사,2
DT0180,장비반입 및 하차,SB030,PHC 파일 항타,MJ002,파일공사,2
DT0181,리더조립,SB030,PHC 파일 항타,MJ002,파일공사,1
DT0182,리더 수직도 확인,SB030,PHC 파일 항타,MJ002,파일공사,1
DT0183,항타 작업,SB030,PHC 파일 항타,MJ002,파일공사,1
DT0184,항타기 해체,SB030,PHC 파일 항타,MJ002,파일공사,4
DT0185,항타기 반출,SB030,PHC 파일 항타,MJ002,파일공사,3
DT0186,천공 및 앙카 작업,SB031,PC공사,MJ003,PC공사,4
DT0187,자재 하역 및 적재,SB031,PC공사,MJ003,PC공사,5
DT0188,기둥 조립,SB031,PC공사,MJ003,PC공사,6
DT0189,보 조립,SB031,PC공사,MJ003,PC공사,5
DT0190,슬라브 조립,SB031,PC공사,MJ003,PC공사,6
DT0191,PC 조립부 코킹,SB031,PC공사,MJ003,PC공사,2
DT0192,정리정돈,SB031,PC공사,MJ003,PC공사,1
DT0193,자재 반입,SB032,데크플레이트,MJ004,철골공사,1
DT0194,자재 하역,SB032,데크플레이트,MJ004,철골공사,2
DT0195,자재 양중,SB032,데크플레이트,MJ004,철골공사,1
DT0196,보 상단에 하역,SB032,데크플레이트,MJ004,철골공사,3
DT0197,데크 판개,SB032,데크플레이트,MJ004,철골공사,9
DT0198,앤드 플레이트 설치,SB032,데크플레이트,MJ004,철골공사,2
DT0199,잔재 정리,SB032,데크플레이트,MJ004,철골공사,3
DT0200,자재 하역,SB033,철골,MJ004,철골공사,3
DT0201,작업 준비,SB033,철골,MJ004,철골공사,2
DT0202,COLUMN 설치,SB033,철골,MJ004,철골공사,4
DT0203,GIRDER 및 BEAM 설치,SB033,철골,MJ004,철골공사,3
DT0204,볼팅 및 임팩작업,SB033,철골,MJ004,철골공사,4
DT0205,수정작업 및 마감용접 작업,SB033,철골,MJ004,철골공사,4
DT0206,도장작업(TOUCH UP),SB033,철골,MJ004,철골공사,4
DT0207,추락방지망 설치,SB033,철골,MJ004,철골공사,2
DT0208,자재 반입,SB034,콘크리트 면 보양,MJ005,골조(콘크리트),2
DT0209,보양 천막 설치,SB034,콘크리트 면 보양,MJ005,골조(콘크리트),2
DT0210,보양작업 실시,SB034,콘크리트 면 보양,MJ005,골조(콘크리트),4
DT0211,보양포 해체,SB034,콘크리트 면 보양,MJ005,골조(콘크리트),1
DT0212,정리정돈,SB034,콘크리트 면 보양,MJ005,골조(콘크리트),1
DT0213,열풍기 배치,SB035,동절기 보온,MJ005,골조(콘크리트),4
DT0214,열풍기 가동,SB035,동절기 보온,MJ005,골조(콘크리트),3
DT0215,예비 연료 배치,SB035,동절기 보온,MJ005,골조(콘크리트),2
DT0216,연료 보충,SB035,동절기 보온,MJ005,골조(콘크리트),4
DT0217,열풍기 소화,SB035,동절기 보온,MJ005,골조(콘크리트),2
DT0218,작업종료,SB035,동절기 보온,MJ005,골조(콘크리트),1
DT0219,펌프카 반입 및 셋팅,SB036,레미콘 타설,MJ005,골조(콘크리트),5
DT0220,레미콘 반입,SB036,레미콘 타설,MJ005,골조(콘크리트),4
DT0221,옹벽 Con'c 타설,SB036,레미콘 타설,MJ005,골조(콘크리트),7
DT0222,슬라브 Con'c 타설,SB036,레미콘 타설,MJ005,골조(콘크리트),8
DT0223,자재 반입 및 작업준비,SB037,영구배수,MJ005,골조(콘크리트),3
DT0224,바탕처리 및 조인트 작업,SB037,영구배수,MJ005,골조(콘크리트),4
DT0225,배수판 설치 작업,SB037,영구배수,MJ005,골조(콘크리트),3
DT0226,콘크리트 타설 작업,SB037,영구배수,MJ005,골조(콘크리트),2
DT0227,정리정돈,SB037,영구배수,MJ005,골조(콘크리트),1
DT0228,자재 반입 및 작업준비,SB038,CPB 설치 해체,MJ005,골조(콘크리트),2
DT0229,CPB 인양 및 설치,SB038,CPB 설치 해체,MJ005,골조(콘크리트),4
DT0230,CPB 인상작업,SB038,CPB 설치 해체,MJ005,골조(콘크리트),4
DT0231,CPB 해체작업,SB038,CPB 설치 해체,MJ005,골조(콘크리트),5
DT0232,작업 후 정리,SB038,CPB 설치 해체,MJ005,골조(콘크리트),2
DT0233,자재 반입 운반,SB039,압송관 설치 해체,MJ005,골조(콘크리트),3
DT0234,설치 작업,SB039,압송관 설치 해체,MJ005,골조(콘크리트),5
DT0235,해체 작업,SB039,압송관 설치 해체,MJ005,골조(콘크리트),3
DT0236,시공도 작성,SB040,보 슬래브,MJ006,골조(형틀),1
DT0237,작업준비 자재 제작,SB040,보 슬래브,MJ006,골조(형틀),4
DT0238,기둥 / 벽거푸집 설치,SB040,보 슬래브,MJ006,골조(형틀),9
DT0239,"보, 거푸집 및 동바리설치",SB040,보 슬래브,MJ006,골조(형틀),11
DT0240,동바리 설치,SB040,보 슬래브,MJ006,골조(형틀),7
DT0241,슬래브 설치,SB040,보 슬래브,MJ006,골조(형틀),9
DT0242,거푸집 동바리 점검,SB040,보 슬래브,MJ006,골조(형틀),1
DT0243,슬래브 콘크리트 타설,SB040,보 슬래브,MJ006,골조(형틀),1
DT0244,형틀 해체 및 정리,SB040,보 슬래브,MJ006,골조(형틀),12
DT0245,작업준비 자재이동,SB041,옹벽 형틀,MJ006,골조(형틀),5
DT0246,레벨 체크 및 수평목 설치,SB041,옹벽 형틀,MJ006,골조(형틀),5
DT0247,대형 거푸집 설치/인양,SB041,옹벽 형틀,MJ006,골조(형틀),3
DT0248,긴결철물 설치 및 마감,SB041,옹벽 형틀,MJ006,골조(형틀),4
DT0249,정리 정돈,SB041,옹벽 형틀,MJ006,골조(형틀),2
DT0250,해체,SB041,옹벽 형틀,MJ006,골조(형틀),3
DT0251,자재반입/하역,SB042,AL폼,MJ006,골조(형틀),2
DT0252,먹메김 및 레벨확인,SB042,AL폼,MJ006,골조(형틀),3
DT0253,AL폼 벽체 조립,SB042,AL폼,MJ006,골조(형틀),7
DT0254,계단 및 E/V 조립,SB042,AL폼,MJ006,골조(형틀),4
DT0255,슬라브설치,SB042,AL폼,MJ006,골조(형틀),7
DT0256,벽체 해체,SB042,AL폼,MJ006,골조(형틀),6
DT0257,"계단, E/V해체",SB042,AL폼,MJ006,골조(형틀),3
DT0258,슬라브 해체,SB042,AL폼,MJ006,골조(형틀),6
DT0259,작업종료,SB042,AL폼,MJ006,골조(형틀),1
DT0260,작업준비(운반),SB043,갱폼 케이지,MJ006,골조(형틀),3
DT0261,"T/C 양중, 운반",SB043,갱폼 케이지,MJ006,골조(형틀),3
DT0262,상부 케이지 작업,SB043,갱폼 케이지,MJ006,골조(형틀),4
DT0263,하부 케이지 작업,SB043,갱폼 케이지,MJ006,골조(형틀),3
DT0264,정리정돈,SB043,갱폼 케이지,MJ006,골조(형틀),3
DT0265,볼트 가해체,SB044,갱폼 인양,MJ006,골조(형틀),5
DT0266,갱폼과  크레인 결속,SB044,갱폼 인양,MJ006,골조(형틀),3
DT0267,"갱폼 연결핀 제거, 고정볼트 해체",SB044,갱폼 인양,MJ006,골조(형틀),3
DT0268,갱폼 구조물에서 분리,SB044,갱폼 인양,MJ006,골조(형틀),2
DT0269,갱폼 인양,SB044,갱폼 인양,MJ006,골조(형틀),3
DT0270,고정볼트 체결,SB044,갱폼 인양,MJ006,골조(형틀),2
DT0271,갱폼 지지로프 체결,SB044,갱폼 인양,MJ006,골조(형틀),1
DT0272,슬래브매입 고정볼트 설치,SB044,갱폼 인양,MJ006,골조(형틀),1
DT0273,사전 준비,SB045,갱폼 해체,MJ006,골조(형틀),1
DT0274,갱폼 탈형 및 인양,SB045,갱폼 해체,MJ006,골조(형틀),10
DT0275,갱폼 해체 및 반출,SB045,갱폼 해체,MJ006,골조(형틀),3
DT0276,자재반입,SB046,"ACS, RCS",MJ006,골조(형틀),1
DT0277,지상조립,SB046,"ACS, RCS",MJ006,골조(형틀),3
DT0278,"슈, 브라켓 설치",SB046,"ACS, RCS",MJ006,골조(형틀),3
DT0279,발판 설치,SB046,"ACS, RCS",MJ006,골조(형틀),2
DT0280,상부 거푸집 설치,SB046,"ACS, RCS",MJ006,골조(형틀),2
DT0281,앙카설치/해체 및 프로파일 고정,SB046,"ACS, RCS",MJ006,골조(형틀),1
DT0282,벽체지지볼트 해체,SB046,"ACS, RCS",MJ006,골조(형틀),1
DT0283,폼 상승,SB046,"ACS, RCS",MJ006,골조(형틀),6
DT0284,벽체지지볼트 고정,SB046,"ACS, RCS",MJ006,골조(형틀),1
DT0285,해체 및 반출,SB046,"ACS, RCS",MJ006,골조(형틀),3
DT0286,장철 인양작업,SB047,철근 가공,MJ007,골조(철근),4
DT0287,절단 작업,SB047,철근 가공,MJ007,골조(철근),7
DT0288,절곡 작업,SB047,철근 가공,MJ007,골조(철근),2
DT0289,가공철 양중작업,SB047,철근 가공,MJ007,골조(철근),1
DT0290,자재반입/하역,SB048,철근 양중,MJ007,골조(철근),2
DT0291,규격별 철근 적재,SB048,철근 양중,MJ007,골조(철근),2
DT0292,와이어 철근 체결,SB048,철근 양중,MJ007,골조(철근),1
DT0293,철근 인양,SB048,철근 양중,MJ007,골조(철근),1
DT0294,이동 신호,SB048,철근 양중,MJ007,골조(철근),1
DT0295,철근 하역,SB048,철근 양중,MJ007,골조(철근),3
DT0296,마무리 및 정리정돈,SB048,철근 양중,MJ007,골조(철근),1
DT0297,작업준비(작업장 TBM),SB049,철근 배근,MJ007,골조(철근),5
DT0298,작업장 철근 하역,SB049,철근 배근,MJ007,골조(철근),4
DT0299,장철 인력운반,SB049,철근 배근,MJ007,골조(철근),3
DT0300,벽체 배근작업 (기둥포함),SB049,철근 배근,MJ007,골조(철근),14
DT0301,슬래브 배근,SB049,철근 배근,MJ007,골조(철근),10
DT0302,계단실 등 기타 위치,SB049,철근 배근,MJ007,골조(철근),4
DT0303,정리정돈 및 작업종료,SB049,철근 배근,MJ007,골조(철근),4
DT0304,자재 하역,SB050,조적,MJ008,습식공사,1
DT0305,작업 준비,SB050,조적,MJ008,습식공사,1
DT0306,자재 운반,SB050,조적,MJ008,습식공사,2
DT0307,작업대·발판설치,SB050,조적,MJ008,습식공사,1
DT0308,씨멘트몰탈 비빔,SB050,조적,MJ008,습식공사,6
DT0309,조적 작업,SB050,조적,MJ008,습식공사,4
DT0310,작업대·발판 해체,SB050,조적,MJ008,습식공사,2
DT0311,정리·정돈,SB050,조적,MJ008,습식공사,2
DT0312,자재반입,SB051,경량기포 콘크리트,MJ008,습식공사,2
DT0313,싸이로 믹싱작업,SB051,경량기포 콘크리트,MJ008,습식공사,1
DT0314,배관 설치,SB051,경량기포 콘크리트,MJ008,습식공사,2
DT0315,밀대수평작업,SB051,경량기포 콘크리트,MJ008,습식공사,1
DT0316,작업완료,SB051,경량기포 콘크리트,MJ008,습식공사,2
DT0317,자재하역 / 야적,SB052,시멘트 액체 방수,MJ008,습식공사,3
DT0318,면정리 및 청소,SB052,시멘트 액체 방수,MJ008,습식공사,4
DT0319,시멘트페이스트 / 방수몰탈,SB052,시멘트 액체 방수,MJ008,습식공사,2
DT0320,시멘트 액체방수 코너보강,SB052,시멘트 액체 방수,MJ008,습식공사,1
DT0321,"시멘트 액체방수 1,2차",SB052,시멘트 액체 방수,MJ008,습식공사,3
DT0322,보호몰탈,SB052,시멘트 액체 방수,MJ008,습식공사,1
DT0323,작업완료 및 정리정돈,SB052,시멘트 액체 방수,MJ008,습식공사,1
DT0324,자재하역 / 운반,SB053,비노출 우레탄 방수,MJ008,습식공사,3
DT0325,면정리 및 청소,SB053,비노출 우레탄 방수,MJ008,습식공사,5
DT0326,프라이머 도포,SB053,비노출 우레탄 방수,MJ008,습식공사,4
DT0327,코너 보강,SB053,비노출 우레탄 방수,MJ008,습식공사,3
DT0328,우레탄 1차 도포,SB053,비노출 우레탄 방수,MJ008,습식공사,4
DT0329,우레탄 2차 도포,SB053,비노출 우레탄 방수,MJ008,습식공사,4
DT0330,작업 후 정리,SB053,비노출 우레탄 방수,MJ008,습식공사,2
DT0331,자재하역 / 운반,SB054,노출 우레탄 방수,MJ008,습식공사,2
DT0332,면정리 및 청소,SB054,노출 우레탄 방수,MJ008,습식공사,3
DT0333,프라이머 도포,SB054,노출 우레탄 방수,MJ008,습식공사,3
DT0334,코너 보강,SB054,노출 우레탄 방수,MJ008,습식공사,1
DT0335,우레탄 1차 도포,SB054,노출 우레탄 방수,MJ008,습식공사,2
DT0336,우레탄 2차 도포,SB054,노출 우레탄 방수,MJ008,습식공사,3
DT0337,작업 후 정리,SB054,노출 우레탄 방수,MJ008,습식공사,2
DT0338,자재하역 / 야적,SB055,침투식 액체 방수,MJ008,습식공사,7
DT0339,면정리 및 바탕청소,SB055,침투식 액체 방수,MJ008,습식공사,3
DT0340,자재 배합,SB055,침투식 액체 방수,MJ008,습식공사,2
DT0341,침투성방수 1차,SB055,침투식 액체 방수,MJ008,습식공사,2
DT0342,침투성방수 2차,SB055,침투식 액체 방수,MJ008,습식공사,1
DT0343,작업완료 및 주변정리정돈,SB055,침투식 액체 방수,MJ008,습식공사,2
DT0344,작업 준비,SB056,주차장 에폭시 방수,MJ008,습식공사,3
DT0345,그라인더 작업 및 프라이머 도포,SB056,주차장 에폭시 방수,MJ008,습식공사,6
DT0346,퍼티작업,SB056,주차장 에폭시 방수,MJ008,습식공사,2
DT0347,"1, 2차 도포",SB056,주차장 에폭시 방수,MJ008,습식공사,3
DT0348,작업정리,SB056,주차장 에폭시 방수,MJ008,습식공사,1
DT0349,자재하역 / 야적,SB057,아스팔트 방수,MJ008,습식공사,4
DT0350,면처리 및 청소,SB057,아스팔트 방수,MJ008,습식공사,7
DT0351,아스팔트 용융가마 설치,SB057,아스팔트 방수,MJ008,습식공사,1
DT0352,프라이머 도포,SB057,아스팔트 방수,MJ008,습식공사,3
DT0353,조인트 보강,SB057,아스팔트 방수,MJ008,습식공사,2
DT0354,코너 보강,SB057,아스팔트 방수,MJ008,습식공사,1
DT0355,시트/부직포 깔기,SB057,아스팔트 방수,MJ008,습식공사,3
DT0356,아스팔트 씰 도포,SB057,아스팔트 방수,MJ008,습식공사,4
DT0357,작업완료 및 정리정돈,SB057,아스팔트 방수,MJ008,습식공사,1
DT0358,작업준비,SB058,크랙 보수,MJ008,습식공사,3
DT0359,작업발판 설치,SB058,크랙 보수,MJ008,습식공사,3
DT0360,균열부 커팅 및 천공,SB058,크랙 보수,MJ008,습식공사,2
DT0361,"에폭시 및 우레탄 주입, 현장 정리정돈",SB058,크랙 보수,MJ008,습식공사,2
DT0362,자재 하역 / 운반,SB059,타일,MJ008,습식공사,4
DT0363,바닥 몰탈 시공,SB059,타일,MJ008,습식공사,3
DT0364,바닥정리 / 먹메김,SB059,타일,MJ008,습식공사,3
DT0365,벽/바닥 타일 붙이기,SB059,타일,MJ008,습식공사,7
DT0366,작업 종료,SB059,타일,MJ008,습식공사,2
DT0367,작업준비,SB060,견출,MJ008,습식공사,3
DT0368,외부 작업,SB060,견출,MJ008,습식공사,4
DT0369,그라인딩,SB060,견출,MJ008,습식공사,8
DT0370,조인트 몰탈,SB060,견출,MJ008,습식공사,3
DT0371,올 패이스트 면 처리,SB060,견출,MJ008,습식공사,2
DT0372,작업종료,SB060,견출,MJ008,습식공사,1
DT0373,작업준비,SB061,그라인딩,MJ008,습식공사,3
DT0374,그라인딩,SB061,그라인딩,MJ008,습식공사,5
DT0375,작업 종료,SB061,그라인딩,MJ008,습식공사,2
DT0376,자재반입,SB062,방바닥 미장,MJ008,습식공사,4
DT0377,싸이로 믹싱작업,SB062,방바닥 미장,MJ008,습식공사,2
DT0378,배관 설치,SB062,방바닥 미장,MJ008,습식공사,3
DT0379,밀대 수평작업,SB062,방바닥 미장,MJ008,습식공사,2
DT0380,쇠흙손 마감작업,SB062,방바닥 미장,MJ008,습식공사,2
DT0381,작업완료,SB062,방바닥 미장,MJ008,습식공사,3
DT0382,작업준비 및 자재반입,SB063,미장,MJ008,습식공사,4
DT0383,작업 중,SB063,미장,MJ008,습식공사,16
DT0384,정리정돈,SB063,미장,MJ008,습식공사,2
DT0385,석재 자재반입,SB064,석공사 벽체,MJ009,마감공사,1
DT0386,"자재 하역, 적재",SB064,석공사 벽체,MJ009,마감공사,1
DT0387,트러스 제작,SB064,석공사 벽체,MJ009,마감공사,1
DT0388,트러스 설치,SB064,석공사 벽체,MJ009,마감공사,4
DT0389,윈치설치/비계보강,SB064,석공사 벽체,MJ009,마감공사,2
DT0390,석재가공(절단),SB064,석공사 벽체,MJ009,마감공사,4
DT0391,석재 가공(핀 천공),SB064,석공사 벽체,MJ009,마감공사,1
DT0392,석재 운반대차 소운반,SB064,석공사 벽체,MJ009,마감공사,1
DT0393,석재 양중,SB064,석공사 벽체,MJ009,마감공사,1
DT0394,"비계상부 적재, 운반",SB064,석공사 벽체,MJ009,마감공사,2
DT0395,석재 고정,SB064,석공사 벽체,MJ009,마감공사,2
DT0396,"코킹 작업, 테이프 제거, 작업종료",SB064,석공사 벽체,MJ009,마감공사,3
DT0397,석재 자재반입,SB065,석공사 바닥,MJ009,마감공사,1
DT0398,"자재 하역, 적재",SB065,석공사 바닥,MJ009,마감공사,1
DT0399,석재 운반대차 소운반,SB065,석공사 바닥,MJ009,마감공사,2
DT0400,인력운반,SB065,석공사 바닥,MJ009,마감공사,2
DT0401,바닥 몰탈 작업,SB065,석공사 바닥,MJ009,마감공사,1
DT0402,석재 가공,SB065,석공사 바닥,MJ009,마감공사,4
DT0403,석재 설치,SB065,석공사 바닥,MJ009,마감공사,2
DT0404,"코킹작업, 테이프 제거, 작업종료",SB065,석공사 바닥,MJ009,마감공사,2
DT0405,자재 반입,SB066,경량 천정 틀,MJ009,마감공사,1
DT0406,자재야적 / 소운반,SB066,경량 천정 틀,MJ009,마감공사,3
DT0407,BT비계 설치,SB066,경량 천정 틀,MJ009,마감공사,1
DT0408,천정틀 설치,SB066,경량 천정 틀,MJ009,마감공사,4
DT0409,마감판 취부,SB066,경량 천정 틀,MJ009,마감공사,1
DT0410,자재운반,SB067,석고보드 붙이기,MJ009,마감공사,3
DT0411,작업준비 공도구 점검,SB067,석고보드 붙이기,MJ009,마감공사,3
DT0412,단열재 시공,SB067,석고보드 붙이기,MJ009,마감공사,4
DT0413,석고 믹싱작업,SB067,석고보드 붙이기,MJ009,마감공사,2
DT0414,석고본드 부착,SB067,석고보드 붙이기,MJ009,마감공사,2
DT0415,석고보드 취부,SB067,석고보드 붙이기,MJ009,마감공사,1
DT0416,정리정돈,SB067,석고보드 붙이기,MJ009,마감공사,1
DT0417,자재반입,SB068,DRY WALL,MJ009,마감공사,1
DT0418,자재야적 / 소운반,SB068,DRY WALL,MJ009,마감공사,3
DT0419,먹작업,SB068,DRY WALL,MJ009,마감공사,1
DT0420,"상, 하부 RUNNER 설치 작업",SB068,DRY WALL,MJ009,마감공사,1
DT0421,STUD 설치,SB068,DRY WALL,MJ009,마감공사,1
DT0422,고정핀 설치,SB068,DRY WALL,MJ009,마감공사,1
DT0423,G/W 판넬설치,SB068,DRY WALL,MJ009,마감공사,1
DT0424,석고보드 설치,SB068,DRY WALL,MJ009,마감공사,1
DT0425,작업준비,SB069,온돌 마루,MJ009,마감공사,1
DT0426,"자재운반(L/C , E/V)",SB069,온돌 마루,MJ009,마감공사,1
DT0427,온돌마루 자재 분류,SB069,온돌 마루,MJ009,마감공사,1
DT0428,온돌마루 재단,SB069,온돌 마루,MJ009,마감공사,1
DT0429,접착제 도포,SB069,온돌 마루,MJ009,마감공사,3
DT0430,마루판 설치,SB069,온돌 마루,MJ009,마감공사,1
DT0431,보양작업,SB069,온돌 마루,MJ009,마감공사,1
DT0432,정리정돈,SB069,온돌 마루,MJ009,마감공사,1
DT0433,자재반입 및 하차,SB070,도배,MJ009,마감공사,4
DT0434,퍼티 작업,SB070,도배,MJ009,마감공사,2
DT0435,풀교반 및 도배지 풀칠,SB070,도배,MJ009,마감공사,1
DT0436,초배지 바르기,SB070,도배,MJ009,마감공사,4
DT0437,정배지 바르기,SB070,도배,MJ009,마감공사,3
DT0438,보양 작업,SB070,도배,MJ009,마감공사,1
DT0439,정리정돈 및 작업종료,SB070,도배,MJ009,마감공사,2
DT0440,작업준비,SB071,외부 로프,MJ009,마감공사,1
DT0441,작업로프 내리기,SB071,외부 로프,MJ009,마감공사,3
DT0442,달비계 설치,SB071,외부 로프,MJ009,마감공사,1
DT0443,탑승,SB071,외부 로프,MJ009,마감공사,1
DT0444,작업통 걸기,SB071,외부 로프,MJ009,마감공사,1
DT0445,작업(하강 및 이동),SB071,외부 로프,MJ009,마감공사,2
DT0446,작업종료 로프회수,SB071,외부 로프,MJ009,마감공사,1
DT0447,현장 자재반입 및 하역,SB072,금속 기와,MJ009,마감공사,3
DT0448,자재인양,SB072,금속 기와,MJ009,마감공사,3
DT0449,주각부 앙카설치,SB072,금속 기와,MJ009,마감공사,2
DT0450,"철골 트러스 제작, 설치",SB072,금속 기와,MJ009,마감공사,3
DT0451,금속기와 설치,SB072,금속 기와,MJ009,마감공사,2
DT0452,금속기와 후레싱 설치,SB072,금속 기와,MJ009,마감공사,2
DT0453,작업 후 하역 및 주변 정리정돈,SB072,금속 기와,MJ009,마감공사,2
DT0454,자재반입,SB073,유리,MJ009,마감공사,5
DT0455,윈치 양중,SB073,유리,MJ009,마감공사,4
DT0456,소운반,SB073,유리,MJ009,마감공사,2
DT0457,유리 시공,SB073,유리,MJ009,마감공사,3
DT0458,유리 코킹,SB073,유리,MJ009,마감공사,4
DT0459,작업완료,SB073,유리,MJ009,마감공사,1
DT0460,작업전 안전교육,SB074,주방 가구,MJ009,마감공사,2
DT0461,자재운반 및 작업준비,SB074,주방 가구,MJ009,마감공사,6
DT0462,시공목 설치,SB074,주방 가구,MJ009,마감공사,2
DT0463,주방가구 조립,SB074,주방 가구,MJ009,마감공사,2
DT0464,상/하부장 설치,SB074,주방 가구,MJ009,마감공사,3
DT0465,주방상판 설치,SB074,주방 가구,MJ009,마감공사,3
DT0466,문짝 설치,SB074,주방 가구,MJ009,마감공사,1
DT0467,정리정돈,SB074,주방 가구,MJ009,마감공사,2
DT0468,자재 반입 및 운반,SB075,발코니 난간,MJ009,마감공사,3
DT0469,발코니 난간대 설치,SB075,발코니 난간,MJ009,마감공사,4
DT0470,자재 하역 및 운반,SB076,테라조,MJ009,마감공사,5
DT0471,E/V 홀 및 계단실 테라조 시공,SB076,테라조,MJ009,마감공사,5
DT0472,테라조 시공,SB076,테라조,MJ009,마감공사,1
DT0473,메지 시공,SB076,테라조,MJ009,마감공사,1
DT0474,작업종료,SB076,테라조,MJ009,마감공사,1
DT0475,"작업 준비, 자재 반입",SB077,도장,MJ009,마감공사,4
DT0476,보양작업,SB077,도장,MJ009,마감공사,1
DT0477,실내도장,SB077,도장,MJ009,마감공사,12
DT0478,실외도장(로프),SB077,도장,MJ009,마감공사,9
DT0479,작업종료,SB077,도장,MJ009,마감공사,2
DT0480,작업준비 및 자재반입,SB078,코킹,MJ009,마감공사,4
DT0481,내부 코킹 작업,SB078,코킹,MJ009,마감공사,6
DT0482,작업완료 및 정리정돈,SB078,코킹,MJ009,마감공사,1
DT0483,자재운반 및 작업준비,SB079,일반가구,MJ009,마감공사,8
DT0484,조립 및 설치,SB079,일반가구,MJ009,마감공사,7
DT0485,작업종료,SB079,일반가구,MJ009,마감공사,1
DT0486,작업 준비 및 자재 반입,SB080,시스템 가구,MJ009,마감공사,4
DT0487,가구 조립,SB080,시스템 가구,MJ009,마감공사,6
DT0488,정리정돈,SB080,시스템 가구,MJ009,마감공사,2
DT0489,자재운반 및 작업준비,SB081,마루,MJ009,마감공사,3
DT0490,면정리,SB081,마루,MJ009,마감공사,1
DT0491,마루 설치,SB081,마루,MJ009,마감공사,3
DT0492,작업 마무리,SB081,마루,MJ009,마감공사,1
DT0493,보양지 제거 및 청소,SB082,준공청소,MJ009,마감공사,4
DT0494,"세대내부, 계단실, E/V홀 청소",SB082,준공청소,MJ009,마감공사,2
DT0495,주차장 청소,SB082,준공청소,MJ009,마감공사,4
DT0496,정리정돈 및 작업종료,SB082,준공청소,MJ009,마감공사,3
DT0497,자재반입/운반,SB083,트러스,MJ010,금속공사,2
DT0498,구조물 조립,SB083,트러스,MJ010,금속공사,5
DT0499,비계/작업발판 설치,SB083,트러스,MJ010,금속공사,3
DT0500,구조물 설치,SB083,트러스,MJ010,금속공사,3
DT0501,비계 해체작업,SB083,트러스,MJ010,금속공사,2
DT0502,구조물 마감작업,SB083,트러스,MJ010,금속공사,3
DT0503,자재 입고 및 운반,SB084,금속 판넬,MJ010,금속공사,4
DT0504,장비 셋팅(곤돌라),SB084,금속 판넬,MJ010,금속공사,2
DT0505,장비 셋팅(고소작업차),SB084,금속 판넬,MJ010,금속공사,2
DT0506,작업구간 이동,SB084,금속 판넬,MJ010,금속공사,1
DT0507,판넬설치,SB084,금속 판넬,MJ010,금속공사,1
DT0508,코킹마감,SB084,금속 판넬,MJ010,금속공사,1
DT0509,정리정돈,SB084,금속 판넬,MJ010,금속공사,1
DT0510,현장내 SHOP장 조성,SB085,하지철물,MJ010,금속공사,1
DT0511,사각파이프 자재반입,SB085,하지철물,MJ010,금속공사,1
DT0512,절단 및 조립,SB085,하지철물,MJ010,금속공사,2
DT0513,양중준비,SB085,하지철물,MJ010,금속공사,1
DT0514,스틸트러스 설치,SB085,하지철물,MJ010,금속공사,1
DT0515,스틸트러스 용접,SB085,하지철물,MJ010,금속공사,3
DT0516,녹막이 스프레이 칠,SB085,하지철물,MJ010,금속공사,1
DT0517,작업준비,SB086,현관문,MJ011,창호공사,1
DT0518,자재운반,SB086,현관문,MJ011,창호공사,3
DT0519,자재양중 및 배치,SB086,현관문,MJ011,창호공사,1
DT0520,작업공구 점검,SB086,현관문,MJ011,창호공사,2
DT0521,프레임 설치,SB086,현관문,MJ011,창호공사,2
DT0522,용접작업,SB086,현관문,MJ011,창호공사,4
DT0523,"도어 양중, 설치",SB086,현관문,MJ011,창호공사,2
DT0524,정리정돈,SB086,현관문,MJ011,창호공사,1
DT0525,자재반입,SB087,ST'L 도어,MJ011,창호공사,1
DT0526,도어 프레임 고정용 철물 설치,SB087,ST'L 도어,MJ011,창호공사,1
DT0527,도어 프레임 설치,SB087,ST'L 도어,MJ011,창호공사,3
DT0528,도어 설치,SB087,ST'L 도어,MJ011,창호공사,1
DT0529,하드웨어 설치,SB087,ST'L 도어,MJ011,창호공사,1
DT0530,검측 / 정리정돈,SB087,ST'L 도어,MJ011,창호공사,1
DT0531,작업준비,SB088,AL창호 일반,MJ011,창호공사,1
DT0532,자재반입 / 자재하역,SB088,AL창호 일반,MJ011,창호공사,2
DT0533,자재운반,SB088,AL창호 일반,MJ011,창호공사,2
DT0534,자재양중,SB088,AL창호 일반,MJ011,창호공사,1
DT0535,창호설치,SB088,AL창호 일반,MJ011,창호공사,7
DT0536,외부코킹,SB088,AL창호 일반,MJ011,창호공사,4
DT0537,정리정돈,SB088,AL창호 일반,MJ011,창호공사,1
DT0538,"작업준비(하역,적재)",SB089,AL창호 계단,MJ011,창호공사,3
DT0539,자재운반,SB089,AL창호 계단,MJ011,창호공사,4
DT0540,"자재양중(Lift, 윈치)",SB089,AL창호 계단,MJ011,창호공사,3
DT0541,프레임 시공(Anchor시공),SB089,AL창호 계단,MJ011,창호공사,5
DT0542,연창 및 유리시공,SB089,AL창호 계단,MJ011,창호공사,3
DT0543,작업종료,SB089,AL창호 계단,MJ011,창호공사,2
DT0544,작업 준비(자재 운반),SB090,목창호,MJ011,창호공사,2
DT0545,세대 양중 및 운반,SB090,목창호,MJ011,창호공사,4
DT0546,가틀 설치,SB090,목창호,MJ011,창호공사,2
DT0547,본틀,SB090,목창호,MJ011,창호공사,5
DT0548,문짝 설치,SB090,목창호,MJ011,창호공사,2
DT0549,보양 작업,SB090,목창호,MJ011,창호공사,2
DT0550,PL창호 자재반입,SB091,PL창호,MJ011,창호공사,4
DT0551,차량용 윈치 설치 및 세대 양중기구 고정,SB091,PL창호,MJ011,창호공사,5
DT0552,"PL창호 하역, 적재 및 설치",SB091,PL창호,MJ011,창호공사,2
DT0553,PL창호 내부 및 외부 코킹  작업,SB091,PL창호,MJ011,창호공사,5
DT0554,UNIT 자재반입,SB092,외장 UNIT타입,MJ011,창호공사,1
DT0555,크레인을 이용하여 양중,SB092,외장 UNIT타입,MJ011,창호공사,1
DT0556,UNIT 설치작업,SB092,외장 UNIT타입,MJ011,창호공사,5
DT0557,UNIT 상부 고정,SB092,외장 UNIT타입,MJ011,창호공사,3
DT0558,UNIT 하부 고정,SB092,외장 UNIT타입,MJ011,창호공사,2
DT0559,UNIT 설치완료,SB092,외장 UNIT타입,MJ011,창호공사,1
DT0560,경계측량 및 표시,SB093,벌개제근 및 벌목,MJ012,토공 및 가시설,2
DT0561,작업 준비,SB093,벌개제근 및 벌목,MJ012,토공 및 가시설,1
DT0562,안전로프 내리기 및  벌목작업,SB093,벌개제근 및 벌목,MJ012,토공 및 가시설,9
DT0563,집재작업,SB093,벌개제근 및 벌목,MJ012,토공 및 가시설,4
DT0564,벌목 제근,SB093,벌개제근 및 벌목,MJ012,토공 및 가시설,4
DT0565,성토 상차,SB094,암성토,MJ012,토공 및 가시설,3
DT0566,사토 운반,SB094,암성토,MJ012,토공 및 가시설,5
DT0567,토공정리 및 법면정리,SB094,암성토,MJ012,토공 및 가시설,4
DT0568,절토,SB095,암절취 및 운반,MJ012,토공 및 가시설,2
DT0569,장약 및 발파,SB095,암절취 및 운반,MJ012,토공 및 가시설,9
DT0570,상차 및 운반,SB095,암절취 및 운반,MJ012,토공 및 가시설,3
DT0571,지장물 조사,SB096,토사터파기 및 운반,MJ012,토공 및 가시설,2
DT0572,건설기계 사전점검,SB096,토사터파기 및 운반,MJ012,토공 및 가시설,4
DT0573,터파기 작업,SB096,토사터파기 및 운반,MJ012,토공 및 가시설,5
DT0574,"상차, 운반작업",SB096,토사터파기 및 운반,MJ012,토공 및 가시설,5
DT0575,작업구간 통제 등 안전조치,SB096,토사터파기 및 운반,MJ012,토공 및 가시설,7
DT0576,드릴천공,SB097,발파,MJ012,토공 및 가시설,6
DT0577,장약 및 전색작업,SB097,발파,MJ012,토공 및 가시설,5
DT0578,뇌관 결선 및 도통시험,SB097,발파,MJ012,토공 및 가시설,2
DT0579,P.P.MAT 설치,SB097,발파,MJ012,토공 및 가시설,2
DT0580,작업구간 통제 등 안전조치,SB097,발파,MJ012,토공 및 가시설,4
DT0581,작업준비,SB098,바닥고르기,MJ012,토공 및 가시설,3
DT0582,되메우기 및 토사반입,SB098,바닥고르기,MJ012,토공 및 가시설,2
DT0583,토사정지 작업,SB098,바닥고르기,MJ012,토공 및 가시설,2
DT0584,토사다짐,SB098,바닥고르기,MJ012,토공 및 가시설,1
DT0585,정리정돈,SB098,바닥고르기,MJ012,토공 및 가시설,1
DT0586,장비반입 및 점검,SB099,되메우기 및 다짐,MJ012,토공 및 가시설,3
DT0587,토사 반입,SB099,되메우기 및 다짐,MJ012,토공 및 가시설,2
DT0588,토사 하역,SB099,되메우기 및 다짐,MJ012,토공 및 가시설,1
DT0589,하역 토사 정리,SB099,되메우기 및 다짐,MJ012,토공 및 가시설,2
DT0590,되메우기 토사 다짐,SB099,되메우기 및 다짐,MJ012,토공 및 가시설,3
DT0591,크람쉘 버켓내리기,SB100,크람쉘상차,MJ012,토공 및 가시설,2
DT0592,터파기 및 상차,SB100,크람쉘상차,MJ012,토공 및 가시설,2
DT0593,크람쉘 버킷 인양/상차,SB100,크람쉘상차,MJ012,토공 및 가시설,2
DT0594,덤프반출,SB100,크람쉘상차,MJ012,토공 및 가시설,2
DT0595,굴착 및 기둥세움,SB101,SK 판넬,MJ012,토공 및 가시설,3
DT0596,SK 판넬 설치,SB101,SK 판넬,MJ012,토공 및 가시설,3
DT0597,판넬 및 기둥 반복,SB101,SK 판넬,MJ012,토공 및 가시설,4
DT0598,"되메우기(토사, 모래)",SB101,SK 판넬,MJ012,토공 및 가시설,3
DT0599,SK 판넬 인발,SB101,SK 판넬,MJ012,토공 및 가시설,2
DT0600,"교육이수 및 인증(승인), 현장확인",SB102,TS 판넬,MJ012,토공 및 가시설,1
DT0601,"구역설정 및 통제(배치), 장비투입",SB102,TS 판넬,MJ012,토공 및 가시설,1
DT0602,자재 반입,SB102,TS 판넬,MJ012,토공 및 가시설,1
DT0603,조립,SB102,TS 판넬,MJ012,토공 및 가시설,1
DT0604,설치,SB102,TS 판넬,MJ012,토공 및 가시설,1
DT0605,"되메우기(토사, 모래)",SB102,TS 판넬,MJ012,토공 및 가시설,1
DT0606,판넬 인발,SB102,TS 판넬,MJ012,토공 및 가시설,1
DT0607,장비 조립,SB103,H-PILE 천공,MJ012,토공 및 가시설,3
DT0608,파일 운반(크레인 운반),SB103,H-PILE 천공,MJ012,토공 및 가시설,3
DT0609,천공 작업,SB103,H-PILE 천공,MJ012,토공 및 가시설,6
DT0610,파일 근입,SB103,H-PILE 천공,MJ012,토공 및 가시설,5
DT0611,장비 해체,SB103,H-PILE 천공,MJ012,토공 및 가시설,3
DT0612,장비 반입,SB104,H-PILE 설치,MJ012,토공 및 가시설,2
DT0613,카고크레인 가시설물 하역,SB104,H-PILE 설치,MJ012,토공 및 가시설,2
DT0614,이동식크레인 자재 하역,SB104,H-PILE 설치,MJ012,토공 및 가시설,2
DT0615,자재 인양,SB104,H-PILE 설치,MJ012,토공 및 가시설,2
DT0616,가시설물 볼트 조립,SB104,H-PILE 설치,MJ012,토공 및 가시설,2
DT0617,종료,SB104,H-PILE 설치,MJ012,토공 및 가시설,2
DT0618,작업 준비,SB105,띠장 설치,MJ012,토공 및 가시설,1
DT0619,"자재운반, 장비 이동",SB105,띠장 설치,MJ012,토공 및 가시설,2
DT0620,보걸이 설치,SB105,띠장 설치,MJ012,토공 및 가시설,3
DT0621,Strut 설치,SB105,띠장 설치,MJ012,토공 및 가시설,1
DT0622,띠장 설치,SB105,띠장 설치,MJ012,토공 및 가시설,2
DT0623,홈메우기 작업,SB105,띠장 설치,MJ012,토공 및 가시설,2
DT0624,대좌설치 및 인장,SB105,띠장 설치,MJ012,토공 및 가시설,2
DT0625,띠장 해체,SB105,띠장 설치,MJ012,토공 및 가시설,2
DT0626,작업종료,SB105,띠장 설치,MJ012,토공 및 가시설,1
DT0627,근로자 교육,SB106,띠장 철거,MJ012,토공 및 가시설,1
DT0628,H-PILE 절단 및 운반,SB106,띠장 철거,MJ012,토공 및 가시설,8
DT0629,현장정리 및 되메우기,SB106,띠장 철거,MJ012,토공 및 가시설,1
DT0630,작업준비,SB107,토류벽,MJ012,토공 및 가시설,3
DT0631,토류판 운반 및 재단,SB107,토류벽,MJ012,토공 및 가시설,4
DT0632,작업구간 굴착,SB107,토류벽,MJ012,토공 및 가시설,5
DT0633,토류판 설치,SB107,토류벽,MJ012,토공 및 가시설,5
DT0634,작업종료,SB107,토류벽,MJ012,토공 및 가시설,3
DT0635,장비반입,SB108,SOIL NAIL,MJ012,토공 및 가시설,1
DT0636,굴착,SB108,SOIL NAIL,MJ012,토공 및 가시설,2
DT0637,S/N 천공,SB108,SOIL NAIL,MJ012,토공 및 가시설,3
DT0638,네일삽입/그라우팅,SB108,SOIL NAIL,MJ012,토공 및 가시설,3
DT0639,숏크리트 타설,SB108,SOIL NAIL,MJ012,토공 및 가시설,4
DT0640,작업 종료,SB108,SOIL NAIL,MJ012,토공 및 가시설,2
DT0641,아리바 설치(믹서기),SB109,숏크리트 타설,MJ012,토공 및 가시설,2
DT0642,공기압축기,SB109,숏크리트 타설,MJ012,토공 및 가시설,5
DT0643,레미콘(덤프) 백호 셋팅,SB109,숏크리트 타설,MJ012,토공 및 가시설,2
DT0644,타설,SB109,숏크리트 타설,MJ012,토공 및 가시설,3
DT0645,S/C 리바운드 처리,SB109,숏크리트 타설,MJ012,토공 및 가시설,3
DT0646,자재 반입,SB110,SHEET PILE,MJ012,토공 및 가시설,1
DT0647,장비반입 및 조립,SB110,SHEET PILE,MJ012,토공 및 가시설,1
DT0648,파일항타,SB110,SHEET PILE,MJ012,토공 및 가시설,5
DT0649,두부정리,SB110,SHEET PILE,MJ012,토공 및 가시설,2
DT0650,천공,SB111,어스 앵커,MJ012,토공 및 가시설,7
DT0651,앙카체 제작 및 설치,SB111,어스 앵커,MJ012,토공 및 가시설,3
DT0652,플랜트 설치 및 주입액 주입,SB111,어스 앵커,MJ012,토공 및 가시설,3
DT0653,브라켓 설치 및 인장,SB111,어스 앵커,MJ012,토공 및 가시설,5
DT0654,앵커 해체,SB111,어스 앵커,MJ012,토공 및 가시설,1
DT0655,녹생토 운반,SB112,사면 보호공,MJ012,토공 및 가시설,1
DT0656,앙카 및 능형막 설치,SB112,사면 보호공,MJ012,토공 및 가시설,2
DT0657,녹생토 배합,SB112,사면 보호공,MJ012,토공 및 가시설,4
DT0658,녹생토 취부,SB112,사면 보호공,MJ012,토공 및 가시설,1
DT0659,작업준비,SB113,지반개량(고화),MJ012,토공 및 가시설,1
DT0660,고화제 혼합,SB113,지반개량(고화),MJ012,토공 및 가시설,3
DT0661,고화 다짐,SB113,지반개량(고화),MJ012,토공 및 가시설,3
DT0662,마감,SB113,지반개량(고화),MJ012,토공 및 가시설,1
DT0663,자재반입 및 준비작업,SB114,낙석방지망,MJ012,토공 및 가시설,12
DT0664,기초작업,SB114,낙석방지망,MJ012,토공 및 가시설,7
DT0665,지주 및 앵커볼트 설치작업,SB114,낙석방지망,MJ012,토공 및 가시설,7
DT0666,와이어로프/조립구 체결,SB114,낙석방지망,MJ012,토공 및 가시설,9
DT0667,철망 조립작업,SB114,낙석방지망,MJ012,토공 및 가시설,7
DT0668,완료 및 유지보수 작업,SB114,낙석방지망,MJ012,토공 및 가시설,4
DT0669,크라샤 설비 자재 반입,SB115,크라샤,MJ012,토공 및 가시설,9
DT0670,크라샤 설비 설치,SB115,크라샤,MJ012,토공 및 가시설,11
DT0671,크라샤 운영 / 암버럭 반입,SB115,크라샤,MJ012,토공 및 가시설,9
DT0672,쇄석작업,SB115,크라샤,MJ012,토공 및 가시설,11
DT0673,골재 야적 / 반출,SB115,크라샤,MJ012,토공 및 가시설,12
DT0674,크라샤 정비 / 해체 반출,SB115,크라샤,MJ012,토공 및 가시설,13
DT0675,지장물 조사,SB116,진입도로,MJ012,토공 및 가시설,2
DT0676,건설기계 사전점검,SB116,진입도로,MJ012,토공 및 가시설,1
DT0677,터파기 및 상차 작업,SB116,진입도로,MJ012,토공 및 가시설,7
DT0678,운반작업,SB116,진입도로,MJ012,토공 및 가시설,2
DT0679,작업구간 통제,SB116,진입도로,MJ012,토공 및 가시설,2
DT0680,보호천막 지재 준비,SB117,사면 보호천막 설치,MJ012,토공 및 가시설,2
DT0681,보호천막 설치 및 해체,SB117,사면 보호천막 설치,MJ012,토공 및 가시설,3
DT0682,보호천막 유지관리,SB117,사면 보호천막 설치,MJ012,토공 및 가시설,2
DT0683,측량 및 작업준비,SB118,P.R.D,MJ012,토공 및 가시설,2
DT0684,Out Casing 굴착 및 설치,SB118,P.R.D,MJ012,토공 및 가시설,3
DT0685,In Casing 설치 및 천공,SB118,P.R.D,MJ012,토공 및 가시설,10
DT0686,콘크리트 타설,SB118,P.R.D,MJ012,토공 및 가시설,5
DT0687,철골 근입 작업,SB118,P.R.D,MJ012,토공 및 가시설,3
DT0688,In Casing 인발,SB118,P.R.D,MJ012,토공 및 가시설,6
DT0689,사전조사,SB119,관로터파기,MJ013,부대토목,1
DT0690,터파기,SB119,관로터파기,MJ013,부대토목,6
DT0691,관로배관작업,SB119,관로터파기,MJ013,부대토목,5
DT0692,되메우기 작업,SB119,관로터파기,MJ013,부대토목,3
DT0693,위험경고 테이프 작업,SB119,관로터파기,MJ013,부대토목,1
DT0694,근로자 교육,SB120,맹암거,MJ013,부대토목,3
DT0695,터파기,SB120,맹암거,MJ013,부대토목,3
DT0696,관부설 및 골재포설,SB120,맹암거,MJ013,부대토목,4
DT0697,부직포 정리 및 성토,SB120,맹암거,MJ013,부대토목,2
DT0698,터파기,SB121,배수관,MJ013,부대토목,6
DT0699,모래 부설 및 정리,SB121,배수관,MJ013,부대토목,2
DT0700,관부설 및 되메우기,SB121,배수관,MJ013,부대토목,5
DT0701,맨홀 철근/거푸집 조립 및 Con'c 타설,SB121,배수관,MJ013,부대토목,6
DT0702,지반다짐,SB122,맨홀,MJ013,부대토목,2
DT0703,흄관 기초 거푸집 조립 및 콘크리트 타설,SB122,맨홀,MJ013,부대토목,3
DT0704,콘크리트 흄관 설치 및 보호공 거푸집 설치,SB122,맨홀,MJ013,부대토목,3
DT0705,콘크리트 맨홀 철근 조립 및 거푸집 조립,SB122,맨홀,MJ013,부대토목,6
DT0706,맨홀 콘크리트 타설,SB122,맨홀,MJ013,부대토목,5
DT0707,맨홀 거푸집 탈형 및 가시설 해체,SB122,맨홀,MJ013,부대토목,5
DT0708,맨홀 및 흄관 되메우기,SB122,맨홀,MJ013,부대토목,2
DT0709,맨홀 그레이팅 설치,SB122,맨홀,MJ013,부대토목,4
DT0710,기타 정리정돈,SB122,맨홀,MJ013,부대토목,2
DT0711,근로자 교육,SB123,P.C BOX설치,MJ013,부대토목,1
DT0712,터파기,SB123,P.C BOX설치,MJ013,부대토목,1
DT0713,기초,SB123,P.C BOX설치,MJ013,부대토목,1
DT0714,설치,SB123,P.C BOX설치,MJ013,부대토목,1
DT0715,되메우기,SB123,P.C BOX설치,MJ013,부대토목,1
DT0716,작업구역 설정,SB124,차선 도색,MJ013,부대토목,1
DT0717,라인측량 및 공도구 점검,SB124,차선 도색,MJ013,부대토목,1
DT0718,페인트 융해,SB124,차선 도색,MJ013,부대토목,1
DT0719,라인마킹,SB124,차선 도색,MJ013,부대토목,4
DT0720,현장정리정돈,SB124,차선 도색,MJ013,부대토목,1
DT0721,작업 준비 및 자재 반입,SB125,경계석,MJ013,부대토목,4
DT0722,콘크리트 포설,SB125,경계석,MJ013,부대토목,2
DT0723,경계석 시공,SB125,경계석,MJ013,부대토목,7
DT0724,"자재, 장비 반입",SB126,"조경토 부설, 수목 식재",MJ014,조경 및 시설물,2
DT0725,드레인보드 설치 및 자갈포설,SB126,"조경토 부설, 수목 식재",MJ014,조경 및 시설물,1
DT0726,성토 및 다짐,SB126,"조경토 부설, 수목 식재",MJ014,조경 및 시설물,3
DT0727,수목 반입,SB126,"조경토 부설, 수목 식재",MJ014,조경 및 시설물,2
DT0728,수목 하역(크레인),SB126,"조경토 부설, 수목 식재",MJ014,조경 및 시설물,4
DT0729,수목 식재,SB126,"조경토 부설, 수목 식재",MJ014,조경 및 시설물,7
DT0730,수목 전지,SB126,"조경토 부설, 수목 식재",MJ014,조경 및 시설물,2
DT0731,지주목 설치,SB126,"조경토 부설, 수목 식재",MJ014,조경 및 시설물,2
DT0732,관수 설치,SB126,"조경토 부설, 수목 식재",MJ014,조경 및 시설물,2
DT0733,정리정돈,SB126,"조경토 부설, 수목 식재",MJ014,조경 및 시설물,1
DT0734,작업준비,SB127,산석,MJ014,조경 및 시설물,1
DT0735,산석반입,SB127,산석,MJ014,조경 및 시설물,1
DT0736,산석하차,SB127,산석,MJ014,조경 및 시설물,5
DT0737,기초타설,SB127,산석,MJ014,조경 및 시설물,2
DT0738,1단 산석 쌓기,SB127,산석,MJ014,조경 및 시설물,4
DT0739,배면 콘크리트 타설,SB127,산석,MJ014,조경 및 시설물,1
DT0740,2단 산석 쌓기,SB127,산석,MJ014,조경 및 시설물,3
DT0741,작업종료 및 정리정돈,SB127,산석,MJ014,조경 및 시설물,2
DT0742,자재반입,SB128,트렐리스,MJ014,조경 및 시설물,2
DT0743,앙카시공,SB128,트렐리스,MJ014,조경 및 시설물,3
DT0744,트랠리스 설치,SB128,트렐리스,MJ014,조경 및 시설물,3
DT0745,작업종료,SB128,트렐리스,MJ014,조경 및 시설물,1
DT0746,자재반입,SB129,놀이 시설물,MJ014,조경 및 시설물,2
DT0747,기초조립(기둥설치),SB129,놀이 시설물,MJ014,조경 및 시설물,3
DT0748,데크 설치,SB129,놀이 시설물,MJ014,조경 및 시설물,1
DT0749,스크린(난간) 설치,SB129,놀이 시설물,MJ014,조경 및 시설물,1
DT0750,지붕 설치,SB129,놀이 시설물,MJ014,조경 및 시설물,2
DT0751,작업종료,SB129,놀이 시설물,MJ014,조경 및 시설물,1
DT0752,작업준비,SB130,잔디 식재,MJ014,조경 및 시설물,3
DT0753,작업 중,SB130,잔디 식재,MJ014,조경 및 시설물,6
DT0754,작업 종료 및 정리정돈,SB130,잔디 식재,MJ014,조경 및 시설물,1
DT0755,자재하차 및 운반,SB131,보도블럭,MJ014,조경 및 시설물,6
DT0756,블럭포장,SB131,보도블럭,MJ014,조경 및 시설물,6
DT0757,작업종료 후 정리정돈,SB131,보도블럭,MJ014,조경 및 시설물,1
DT0758,공구/자재 준비,SB132,RACE WAY,MJ015,전기/통신,1
DT0759,위치 마킹 및 앙카,SB132,RACE WAY,MJ015,전기/통신,1
DT0760,RACE WAY 설치,SB132,RACE WAY,MJ015,전기/통신,2
DT0761,전등 기구 설치작업,SB132,RACE WAY,MJ015,전기/통신,1
DT0762,WIRE 결선,SB132,RACE WAY,MJ015,전기/통신,2
DT0763,RACE WAY COVER 설치,SB132,RACE WAY,MJ015,전기/통신,1
DT0764,자재 반입 및 운반/적재,SB133,케이블 트레이,MJ015,전기/통신,1
DT0765,HANGER 제작 및 가공,SB133,케이블 트레이,MJ015,전기/통신,2
DT0766,ANCHOR 천공 및 HANGER 설치,SB133,케이블 트레이,MJ015,전기/통신,1
DT0767,CABLE TRAY 설치,SB133,케이블 트레이,MJ015,전기/통신,2
DT0768,작업종료,SB133,케이블 트레이,MJ015,전기/통신,2
DT0769,자재 입고 및 적재,SB134,BUS DUCT,MJ015,전기/통신,1
DT0770,BUS DUCT 이동,SB134,BUS DUCT,MJ015,전기/통신,1
DT0771,ANCHOR 천공 및 HANGER 설치,SB134,BUS DUCT,MJ015,전기/통신,1
DT0772,BUS DUCT 조립,SB134,BUS DUCT,MJ015,전기/통신,1
DT0773,BUS DUCT 양중,SB134,BUS DUCT,MJ015,전기/통신,1
DT0774,BUS DUCT 설치,SB134,BUS DUCT,MJ015,전기/통신,1
DT0775,자재 입고,SB135,전등 설비,MJ015,전기/통신,1
DT0776,자재 양중,SB135,전등 설비,MJ015,전기/통신,1
DT0777,슬라브 및 벽체 BOX 취부,SB135,전등 설비,MJ015,전기/통신,2
DT0778,슬라브 및 벽체 매입 배관,SB135,전등 설비,MJ015,전기/통신,4
DT0779,자재 입고,SB136,피뢰침,MJ015,전기/통신,1
DT0780,자재 양중,SB136,피뢰침,MJ015,전기/통신,1
DT0781,슬라브 및 벽체 BOX 취부,SB136,피뢰침,MJ015,전기/통신,1
DT0782,슬라브 및 벽체 매입 배관,SB136,피뢰침,MJ015,전기/통신,3
DT0783,자재 입고 및 운반,SB137,외등 설치,MJ015,전기/통신,1
DT0784,터파기,SB137,외등 설치,MJ015,전기/통신,1
DT0785,가로등 기초 설치,SB137,외등 설치,MJ015,전기/통신,1
DT0786,배관 및 입선,SB137,외등 설치,MJ015,전기/통신,1
DT0787,가로등 설치 및 단말결선,SB137,외등 설치,MJ015,전기/통신,1
DT0788,작업준비,SB138,케이블 철거,MJ015,전기/통신,1
DT0789,CABLE 철거 루트 확인 및 스티커 부착,SB138,케이블 철거,MJ015,전기/통신,1
DT0790,케이블 절단 및 철거,SB138,케이블 철거,MJ015,전기/통신,4
DT0791,케이블 반출,SB138,케이블 철거,MJ015,전기/통신,1
DT0792,작업장 정리정돈,SB138,케이블 철거,MJ015,전기/통신,1
DT0793,행거 및 PIPE 설치,SB139,자동화재탐지 설비,MJ015,전기/통신,2
DT0794,배관작업,SB139,자동화재탐지 설비,MJ015,전기/통신,2
DT0795,배선 작업,SB139,자동화재탐지 설비,MJ015,전기/통신,1
DT0796,"소화전, 중계기함 결선작업",SB139,자동화재탐지 설비,MJ015,전기/통신,1
DT0797,감지기 설치,SB139,자동화재탐지 설비,MJ015,전기/통신,1
DT0798,행거 및 PIPE 설치,SB140,유도등 설비,MJ015,전기/통신,2
DT0799,배관작업,SB140,유도등 설비,MJ015,전기/통신,3
DT0800,배선 및 유도등 결선작업,SB140,유도등 설비,MJ015,전기/통신,1
DT0801,피난구 및 유도등 취부,SB140,유도등 설비,MJ015,전기/통신,1
DT0802,정리정돈,SB140,유도등 설비,MJ015,전기/통신,1
DT0803,작업전 TBM,SB141,무선통신설비,MJ015,전기/통신,1
DT0804,케이블 포설,SB141,무선통신설비,MJ015,전기/통신,3
DT0805,접속단자 분배기설치,SB141,무선통신설비,MJ015,전기/통신,1
DT0806,증폭기 설치 및 결선,SB141,무선통신설비,MJ015,전기/통신,1
DT0807,정리정돈,SB141,무선통신설비,MJ015,전기/통신,1
DT0808,자재 반입 및 트레이 배선,SB142,CCTV 설비 공사,MJ015,전기/통신,1
DT0809,배관입선 및 카메라폴 설치,SB142,CCTV 설비 공사,MJ015,전기/통신,2
DT0810,카메라 설치,SB142,CCTV 설비 공사,MJ015,전기/통신,1
DT0811,카메라 테스트,SB142,CCTV 설비 공사,MJ015,전기/통신,1
DT0812,정리정돈,SB142,CCTV 설비 공사,MJ015,전기/통신,1
DT0813,자재 반입,SB143,엘리베이터 공사,MJ015,전기/통신,1
DT0814,HOOK 설치 상태 확인,SB143,엘리베이터 공사,MJ015,전기/통신,1
DT0815,자재양중,SB143,엘리베이터 공사,MJ015,전기/통신,1
DT0816,형판 설치,SB143,엘리베이터 공사,MJ015,전기/통신,1
DT0817,기계실 형판 작업,SB143,엘리베이터 공사,MJ015,전기/통신,1
DT0818,셋팅후 피아노선 구멍뚫기 및 피아노선 내리기,SB143,엘리베이터 공사,MJ015,전기/통신,1
DT0819,하부 형판 작업,SB143,엘리베이터 공사,MJ015,전기/통신,1
DT0820,기계실 작업_MOTOR 양중,SB143,엘리베이터 공사,MJ015,전기/통신,2
DT0821,기계대/권상기 설치,SB143,엘리베이터 공사,MJ015,전기/통신,2
DT0822,CP 설치 및 기계실 덕트설치,SB143,엘리베이터 공사,MJ015,전기/통신,1
DT0823,"기초 레일, 체대, 버퍼대 설치",SB143,엘리베이터 공사,MJ015,전기/통신,1
DT0824,하부 프레임 조립,SB143,엘리베이터 공사,MJ015,전기/통신,3
DT0825,카프레임 조립,SB143,엘리베이터 공사,MJ015,전기/통신,1
DT0826,천정 설치,SB143,엘리베이터 공사,MJ015,전기/통신,2
DT0827,ROPE 및 RAIL 설치,SB143,엘리베이터 공사,MJ015,전기/통신,5
DT0828,RAIL 설치 작업,SB143,엘리베이터 공사,MJ015,전기/통신,3
DT0829,"출입구 및 판넬, 승강 SILL 설치",SB143,엘리베이터 공사,MJ015,전기/통신,1
DT0830,JAMB 설치,SB143,엘리베이터 공사,MJ015,전기/통신,1
DT0831,출입구 행거 설치,SB143,엘리베이터 공사,MJ015,전기/통신,1
DT0832,카 판넬 작업,SB143,엘리베이터 공사,MJ015,전기/통신,1
DT0833,시운전 작업,SB143,엘리베이터 공사,MJ015,전기/통신,1
DT0834,내부 마무리 작업,SB143,엘리베이터 공사,MJ015,전기/통신,3
DT0835,자재반입 및 작업 준비 자재 반입,SB144,에스컬레이터 공사,MJ015,전기/통신,1
DT0836,Base Plate 설치,SB144,에스컬레이터 공사,MJ015,전기/통신,1
DT0837,트러스 반입/양중,SB144,에스컬레이터 공사,MJ015,전기/통신,1
DT0838,트러스 심출/고정,SB144,에스컬레이터 공사,MJ015,전기/통신,1
DT0839,"레일,스텝체인 연결/ 배결선",SB144,에스컬레이터 공사,MJ015,전기/통신,1
DT0840,"Glass Holder 심출  기구대, Newel 심출/조립",SB144,에스컬레이터 공사,MJ015,전기/통신,1
DT0841,Out Deck 조립,SB144,에스컬레이터 공사,MJ015,전기/통신,1
DT0842,Glass 조립/심출,SB144,에스컬레이터 공사,MJ015,전기/통신,1
DT0843,"스커드 가드 조립  Inner Deck, 핸드레일 조립",SB144,에스컬레이터 공사,MJ015,전기/통신,1
DT0844,시운전 조정,SB144,에스컬레이터 공사,MJ015,전기/통신,1
DT0845,인테리어 판넬 설치,SB144,에스컬레이터 공사,MJ015,전기/통신,3
DT0846,청소 및 보양,SB144,에스컬레이터 공사,MJ015,전기/통신,1
DT0847,조명 설치,SB145,세대 조명,MJ015,전기/통신,5
DT0848,자재 반입,SB145,세대 조명,MJ015,전기/통신,1
DT0849,자재 반입 및 준비,SB146,태양광,MJ015,전기/통신,1
DT0850,구조물 설치,SB146,태양광,MJ015,전기/통신,1
DT0851,판넬 설치,SB146,태양광,MJ015,전기/통신,2
DT0852,모듈 설치,SB146,태양광,MJ015,전기/통신,5
DT0853,인버터 설치,SB146,태양광,MJ015,전기/통신,2
DT0854,작업준비 및 자재반입,SB147,입선배선,MJ015,전기/통신,11
DT0855,배선 작업,SB147,입선배선,MJ015,전기/통신,15
DT0856,정리정돈 작업,SB147,입선배선,MJ015,전기/통신,2
DT0857,자재반입 및 자재운반,SB148,접지,MJ015,전기/통신,6
DT0858,접지선 포설,SB148,접지,MJ015,전기/통신,6
DT0859,자재반입 및 자재운반,SB149,벽체슬라브 배관,MJ015,전기/통신,10
DT0860,박스 설치 작업,SB149,벽체슬라브 배관,MJ015,전기/통신,6
DT0861,벽체 배관 작업,SB149,벽체슬라브 배관,MJ015,전기/통신,5
DT0862,바닥 슬라브 배관 작업,SB149,벽체슬라브 배관,MJ015,전기/통신,5
DT0863,작업준비,SB150,"공조기, 외조기",MJ016,소방/기계설비,1
DT0864,T.B.M 및 현장 투입,SB150,"공조기, 외조기",MJ016,소방/기계설비,2
DT0865,공조기 입고,SB150,"공조기, 외조기",MJ016,소방/기계설비,2
DT0866,공조기 양중,SB150,"공조기, 외조기",MJ016,소방/기계설비,2
DT0867,공조기 반입,SB150,"공조기, 외조기",MJ016,소방/기계설비,1
DT0868,공조패드 위 안착,SB150,"공조기, 외조기",MJ016,소방/기계설비,3
DT0869,보양 및 정리정돈,SB150,"공조기, 외조기",MJ016,소방/기계설비,1
DT0870,가대 제작,SB151,지하실 천정 배관,MJ016,소방/기계설비,4
DT0871,배관 절단,SB151,지하실 천정 배관,MJ016,소방/기계설비,2
DT0872,가대 용접,SB151,지하실 천정 배관,MJ016,소방/기계설비,3
DT0873,가대 설치/수평확인,SB151,지하실 천정 배관,MJ016,소방/기계설비,1
DT0874,배관 인양,SB151,지하실 천정 배관,MJ016,소방/기계설비,1
DT0875,배관용접 및 고정,SB151,지하실 천정 배관,MJ016,소방/기계설비,2
DT0876,자재반입 / 작업준비,SB152,횡주관,MJ016,소방/기계설비,3
DT0877,가대 / 배관 제작,SB152,횡주관,MJ016,소방/기계설비,4
DT0878,가대 설치,SB152,횡주관,MJ016,소방/기계설비,3
DT0879,배관 설치,SB152,횡주관,MJ016,소방/기계설비,4
DT0880,배관용접 및 고정,SB152,횡주관,MJ016,소방/기계설비,6
DT0881,정리정돈,SB152,횡주관,MJ016,소방/기계설비,1
DT0882,자재반입/자재준비,SB153,기계실 공조 배관,MJ016,소방/기계설비,2
DT0883,전산볼트 절단작업,SB153,기계실 공조 배관,MJ016,소방/기계설비,1
DT0884,행거 작업,SB153,기계실 공조 배관,MJ016,소방/기계설비,1
DT0885,파이프 재단작업,SB153,기계실 공조 배관,MJ016,소방/기계설비,2
DT0886,홈가공작업,SB153,기계실 공조 배관,MJ016,소방/기계설비,1
DT0887,배관 양중/설치 작업,SB153,기계실 공조 배관,MJ016,소방/기계설비,5
DT0888,배관 용접 및 고정,SB153,기계실 공조 배관,MJ016,소방/기계설비,5
DT0889,배관 보온작업,SB153,기계실 공조 배관,MJ016,소방/기계설비,3
DT0890,정리정돈 및 작업 종료,SB153,기계실 공조 배관,MJ016,소방/기계설비,2
DT0891,작업준비,SB154,환기덕트,MJ016,소방/기계설비,3
DT0892,작업준비 및 자재운반,SB154,환기덕트,MJ016,소방/기계설비,5
DT0893,DUCT 조립 작업,SB154,환기덕트,MJ016,소방/기계설비,4
DT0894,DUCT 설치 작업,SB154,환기덕트,MJ016,소방/기계설비,7
DT0895,DUCT 보온 작업,SB154,환기덕트,MJ016,소방/기계설비,2
DT0896,정리정돈,SB154,환기덕트,MJ016,소방/기계설비,2
DT0897,작업주변 위험 요소 확인,SB155,소화장비,MJ016,소방/기계설비,2
DT0898,CO2 배관 SPOOL 제작,SB155,소화장비,MJ016,소방/기계설비,6
DT0899,CO2 배관 설치작업,SB155,소화장비,MJ016,소방/기계설비,4
DT0900,CO2 실린더 설치작업,SB155,소화장비,MJ016,소방/기계설비,1
DT0901,밸브 설치,SB155,소화장비,MJ016,소방/기계설비,1
DT0902,동작 시험,SB155,소화장비,MJ016,소방/기계설비,1
DT0903,자재반입 및 운반,SB156,옥내 소화전 배관공사,MJ016,소방/기계설비,1
DT0904,가대 설치 작업,SB156,옥내 소화전 배관공사,MJ016,소방/기계설비,6
DT0905,배관 설치 작업,SB156,옥내 소화전 배관공사,MJ016,소방/기계설비,4
DT0906,소화전 설치,SB156,옥내 소화전 배관공사,MJ016,소방/기계설비,2
DT0907,기압 및 수압 TEST,SB156,옥내 소화전 배관공사,MJ016,소방/기계설비,1
DT0908,TURN-ON,SB156,옥내 소화전 배관공사,MJ016,소방/기계설비,1
DT0909,소방기구 설치,SB156,옥내 소화전 배관공사,MJ016,소방/기계설비,1
DT0910,작업준비 및 현장확인,SB157,소화배관 공사,MJ016,소방/기계설비,4
DT0911,가대제작 및 반입,SB157,소화배관 공사,MJ016,소방/기계설비,2
DT0912,실측 및 타공,SB157,소화배관 공사,MJ016,소방/기계설비,2
DT0913,가대 설치,SB157,소화배관 공사,MJ016,소방/기계설비,3
DT0914,배관자재 운반,SB157,소화배관 공사,MJ016,소방/기계설비,2
DT0915,배관설치 작업,SB157,소화배관 공사,MJ016,소방/기계설비,4
DT0916,배관용접 작업,SB157,소화배관 공사,MJ016,소방/기계설비,5
DT0917,정리정돈,SB157,소화배관 공사,MJ016,소방/기계설비,2
DT0918,현장확인,SB158,옥외소화설비공사,MJ016,소방/기계설비,2
DT0919,교육 및 장비 점검 실시,SB158,옥외소화설비공사,MJ016,소방/기계설비,1
DT0920,자재 운반,SB158,옥외소화설비공사,MJ016,소방/기계설비,1
DT0921,터파기 작업,SB158,옥외소화설비공사,MJ016,소방/기계설비,4
DT0922,PE배관 설치,SB158,옥외소화설비공사,MJ016,소방/기계설비,3
DT0923,PE 배관 융착 및 설치,SB158,옥외소화설비공사,MJ016,소방/기계설비,4
DT0924,되메우기 작업,SB158,옥외소화설비공사,MJ016,소방/기계설비,1
DT0925,정리정돈,SB158,옥외소화설비공사,MJ016,소방/기계설비,1
DT0926,작업준비 및 공도구 점검,SB159,가스 배관,MJ016,소방/기계설비,2
DT0927,배관 가공작업,SB159,가스 배관,MJ016,소방/기계설비,3
DT0928,세대내부 배관설치,SB159,가스 배관,MJ016,소방/기계설비,1
DT0929,외부 입상배관 설치,SB159,가스 배관,MJ016,소방/기계설비,2
DT0930,자재반입,SB160,옥외 가스 배관,MJ016,소방/기계설비,1
DT0931,지상용접 제작,SB160,옥외 가스 배관,MJ016,소방/기계설비,3
DT0932,배관양중,SB160,옥외 가스 배관,MJ016,소방/기계설비,2
DT0933,배관 용접,SB160,옥외 가스 배관,MJ016,소방/기계설비,2
DT0934,비파괴 시험,SB160,옥외 가스 배관,MJ016,소방/기계설비,2
DT0935,배관코팅,SB160,옥외 가스 배관,MJ016,소방/기계설비,1
DT0936,보호철판 설치,SB160,옥외 가스 배관,MJ016,소방/기계설비,2
DT0937,기밀시험,SB160,옥외 가스 배관,MJ016,소방/기계설비,1
DT0938,배관작업 완료,SB160,옥외 가스 배관,MJ016,소방/기계설비,1
DT0939,자재준비 / 운반,SB161,입상 배관,MJ016,소방/기계설비,3
DT0940,배관제작,SB161,입상 배관,MJ016,소방/기계설비,3
DT0941,배관용접,SB161,입상 배관,MJ016,소방/기계설비,4
DT0942,보온작업,SB161,입상 배관,MJ016,소방/기계설비,2
DT0943,작업종료,SB161,입상 배관,MJ016,소방/기계설비,2
DT0944,작업준비,SB162,정화조,MJ016,소방/기계설비,3
DT0945,개구부 난간 설치,SB162,정화조,MJ016,소방/기계설비,1
DT0946,방수작업,SB162,정화조,MJ016,소방/기계설비,4
DT0947,장비/자재반입,SB162,정화조,MJ016,소방/기계설비,4
DT0948,배관용접,SB162,정화조,MJ016,소방/기계설비,7
DT0949,판넬설치(종료),SB162,정화조,MJ016,소방/기계설비,1
DT0950,자재반입 및 운반,SB163,자동제어,MJ016,소방/기계설비,4
DT0951,전선관 배관,SB163,자동제어,MJ016,소방/기계설비,2
DT0952,배관상부 고정,SB163,자동제어,MJ016,소방/기계설비,2
DT0953,케이블 포설,SB163,자동제어,MJ016,소방/기계설비,2
DT0954,결선작업,SB163,자동제어,MJ016,소방/기계설비,2
DT0955,정리정돈,SB163,자동제어,MJ016,소방/기계설비,1
DT0956,작업준비,SB164,난방코일,MJ016,소방/기계설비,3
DT0957,난방코일 설치,SB164,난방코일,MJ016,소방/기계설비,9
DT0958,작업 마무리,SB164,난방코일,MJ016,소방/기계설비,1
DT0959,작업준비 및 자재반입,SB165,시스템에어컨,MJ016,소방/기계설비,7
DT0960,배관 및 장비 설치,SB165,시스템에어컨,MJ016,소방/기계설비,4
DT0961,냉매배관 용접작업,SB165,시스템에어컨,MJ016,소방/기계설비,1
DT0962,정리정돈 작업,SB165,시스템에어컨,MJ016,소방/기계설비,4
DT0963,벌목 및 표토제거 작업,SB166,가설도로,MJ017,토목 전문공사,5
DT0964,절토작업,SB166,가설도로,MJ017,토목 전문공사,8
DT0965,횡배수관 설치작업,SB166,가설도로,MJ017,토목 전문공사,11
DT0966,성토작업,SB166,가설도로,MJ017,토목 전문공사,13
DT0967,다짐작업,SB166,가설도로,MJ017,토목 전문공사,8
DT0968,타설점 표시,SB167,PBD,MJ017,토목 전문공사,1
DT0969,항타작업,SB167,PBD,MJ017,토목 전문공사,1
DT0970,앙카 플레이트 고정,SB167,PBD,MJ017,토목 전문공사,1
DT0971,타설(천공),SB167,PBD,MJ017,토목 전문공사,1
DT0972,연직배수재 절단,SB167,PBD,MJ017,토목 전문공사,1
DT0973,장비 반입 및 자재반입,SB168,그라우팅,MJ017,토목 전문공사,4
DT0974,믹싱플랜트 설치,SB168,그라우팅,MJ017,토목 전문공사,3
DT0975,천공 72mm,SB168,그라우팅,MJ017,토목 전문공사,4
DT0976,호스삽입 및 절단,SB168,그라우팅,MJ017,토목 전문공사,1
DT0977,그라우팅액 주입,SB168,그라우팅,MJ017,토목 전문공사,4
DT0978,장비 반입 및 자재하역,SB169,압입,MJ017,토목 전문공사,2
DT0979,굴착 및 흙막이 설치(압입구/도달구),SB169,압입,MJ017,토목 전문공사,3
DT0980,안전난간대 및 계단 설치,SB169,압입,MJ017,토목 전문공사,2
DT0981,"추진관 하역, 반력벽 설치압입추진",SB169,압입,MJ017,토목 전문공사,4
DT0982,추진관 내부 굴착,SB169,압입,MJ017,토목 전문공사,3
DT0983,주배관 설치 및 용접,SB169,압입,MJ017,토목 전문공사,3
DT0984,몰탈 그라우팅,SB169,압입,MJ017,토목 전문공사,1
DT0985,되메우기 및 흙막이 해체,SB169,압입,MJ017,토목 전문공사,1
DT0986,자재반입,SB170,보강토옹벽,MJ017,토목 전문공사,3
DT0987,기초 터파기,SB170,보강토옹벽,MJ017,토목 전문공사,4
DT0988,기초 첫 단 블록 쌓기,SB170,보강토옹벽,MJ017,토목 전문공사,3
DT0989,블록 속 채움,SB170,보강토옹벽,MJ017,토목 전문공사,3
DT0990,윗단 블록 설치,SB170,보강토옹벽,MJ017,토목 전문공사,4
DT0991,지오그리드 설치,SB170,보강토옹벽,MJ017,토목 전문공사,3
DT0992,보강토 부설 및 다짐,SB170,보강토옹벽,MJ017,토목 전문공사,3
DT0993,보강토 CAP 설치(작업종료),SB170,보강토옹벽,MJ017,토목 전문공사,3
DT0994,"자재하역,운반",SB171,판넬옹벽,MJ017,토목 전문공사,3
DT0995,"장비반입,셋팅",SB171,판넬옹벽,MJ017,토목 전문공사,3
DT0996,천공 및 H빔 근입,SB171,판넬옹벽,MJ017,토목 전문공사,3
DT0997,옹벽 판넬 작업,SB171,판넬옹벽,MJ017,토목 전문공사,1
DT0998,장비반출,SB171,판넬옹벽,MJ017,토목 전문공사,1
DT0999,기초공사,SB171,판넬옹벽,MJ017,토목 전문공사,1
DT1000,되메우기,SB171,판넬옹벽,MJ017,토목 전문공사,2
DT1001,터파기 및 버림 Con'c 타설,SB172,교각,MJ017,토목 전문공사,3
DT1002,기초 철근배근,SB172,교각,MJ017,토목 전문공사,2
DT1003,기초 거푸집설치 및 콘크리트 타설,SB172,교각,MJ017,토목 전문공사,1
DT1004,교각철근 배근,SB172,교각,MJ017,토목 전문공사,2
DT1005,교각 거푸집 설치,SB172,교각,MJ017,토목 전문공사,3
DT1006,교각 콘크리트 타설,SB172,교각,MJ017,토목 전문공사,3
DT1007,Coping 거푸집 설치 및 철근배근,SB172,교각,MJ017,토목 전문공사,2
DT1008,Coping 콘크리트 타설 및 양생,SB172,교각,MJ017,토목 전문공사,5
DT1009,터파기,SB173,교대,MJ017,토목 전문공사,2
DT1010,철근배근,SB173,교대,MJ017,토목 전문공사,3
DT1011,거푸집 조립,SB173,교대,MJ017,토목 전문공사,2
DT1012,콘크리트 타설,SB173,교대,MJ017,토목 전문공사,3
DT1013,강재거푸집 반입/하역,SB174,우물통,MJ017,토목 전문공사,2
DT1014,강재거푸집 조립,SB174,우물통,MJ017,토목 전문공사,2
DT1015,강재거푸집 인양설치,SB174,우물통,MJ017,토목 전문공사,3
DT1016,강재거푸집 해체,SB174,우물통,MJ017,토목 전문공사,4
DT1017,기초 앙카패드 설치,SB175,수문제작 및 설치,MJ017,토목 전문공사,3
DT1018,벽체 앙카패드 설치,SB175,수문제작 및 설치,MJ017,토목 전문공사,3
DT1019,기초 SILL BEAM 설치,SB175,수문제작 및 설치,MJ017,토목 전문공사,2
DT1020,사이드 트랙 설치,SB175,수문제작 및 설치,MJ017,토목 전문공사,1
DT1021,도깅 디바이스 설치,SB175,수문제작 및 설치,MJ017,토목 전문공사,2
DT1022,수문 거치,SB175,수문제작 및 설치,MJ017,토목 전문공사,1
DT1023,외부 비계 설치,SB175,수문제작 및 설치,MJ017,토목 전문공사,3
DT1024,용접 및 도장,SB175,수문제작 및 설치,MJ017,토목 전문공사,3
DT1025,경구조물 설치,SB175,수문제작 및 설치,MJ017,토목 전문공사,2
DT1026,유압배관 설치,SB175,수문제작 및 설치,MJ017,토목 전문공사,2
DT1027,아노드 부착,SB175,수문제작 및 설치,MJ017,토목 전문공사,2
DT1028,핸드레일 설치,SB175,수문제작 및 설치,MJ017,토목 전문공사,2
DT1029,실린더 설치,SB175,수문제작 및 설치,MJ017,토목 전문공사,1
DT1030,외부 비계 해체,SB175,수문제작 및 설치,MJ017,토목 전문공사,1
DT1031,수문 하부 라바 설치,SB175,수문제작 및 설치,MJ017,토목 전문공사,1
DT1032,사이드 라바 설치,SB175,수문제작 및 설치,MJ017,토목 전문공사,1
DT1033,실린더 키 플레이트 설치,SB175,수문제작 및 설치,MJ017,토목 전문공사,1
DT1034,센서 설치,SB175,수문제작 및 설치,MJ017,토목 전문공사,1
DT1035,작업장 충수,SB175,수문제작 및 설치,MJ017,토목 전문공사,1
DT1036,수문 누수 검사,SB175,수문제작 및 설치,MJ017,토목 전문공사,1
DT1037,강연선 운반,SB176,강연선 조립설치,MJ017,토목 전문공사,2
DT1038,강연선 재단,SB176,강연선 조립설치,MJ017,토목 전문공사,1
DT1039,Homming준비 / Homming,SB176,강연선 조립설치,MJ017,토목 전문공사,1
DT1040,양중준비,SB176,강연선 조립설치,MJ017,토목 전문공사,1
DT1041,강연선 양중,SB176,강연선 조립설치,MJ017,토목 전문공사,1
DT1042,정착구 설치,SB176,강연선 조립설치,MJ017,토목 전문공사,1
DT1043,지지철근 용접/설치,SB176,강연선 조립설치,MJ017,토목 전문공사,1
DT1044,강연선 설치,SB176,강연선 조립설치,MJ017,토목 전문공사,1
DT1045,Wedge 설치,SB176,강연선 조립설치,MJ017,토목 전문공사,1
DT1046,그리스 제거,SB176,강연선 조립설치,MJ017,토목 전문공사,1
DT1047,강연선 인장,SB176,강연선 조립설치,MJ017,토목 전문공사,2
DT1048,강연선 절단,SB176,강연선 조립설치,MJ017,토목 전문공사,1
DT1049,캡설치,SB176,강연선 조립설치,MJ017,토목 전문공사,1
DT1050,무수축작업,SB176,강연선 조립설치,MJ017,토목 전문공사,1
DT1051,미장,SB176,강연선 조립설치,MJ017,토목 전문공사,1
DT1052,MAIN GIRDER 운반 및 하차,SB177,MSS 조립,MJ017,토목 전문공사,3
DT1053,안전난간 설치,SB177,MSS 조립,MJ017,토목 전문공사,2
DT1054,MAIN GIRDER 지조립,SB177,MSS 조립,MJ017,토목 전문공사,3
DT1055,MAIN GIRDER 지조립-고장력볼트조임,SB177,MSS 조립,MJ017,토목 전문공사,4
DT1056,MAIN GIRDER 가벤트 설치 (4회 실시),SB177,MSS 조립,MJ017,토목 전문공사,4
DT1057,SUPPORT BRACKET 설치,SB177,MSS 조립,MJ017,토목 전문공사,4
DT1058,MAIN GIRDER 설치,SB177,MSS 조립,MJ017,토목 전문공사,3
DT1059,노우즈 및 행거 설치(작업발판포함),SB177,MSS 조립,MJ017,토목 전문공사,4
DT1060,트롤리 및 리프트 설치,SB177,MSS 조립,MJ017,토목 전문공사,2
DT1061,External Form 설치(Wood폼포함),SB177,MSS 조립,MJ017,토목 전문공사,6
DT1062,Internal Form 설치(2Span부터 롤링웨건사용),SB177,MSS 조립,MJ017,토목 전문공사,3
DT1063,공통사항,SB177,MSS 조립,MJ017,토목 전문공사,3
DT1064,강교 입고,SB178,강교 거치,MJ017,토목 전문공사,1
DT1065,Rigging Plan,SB178,강교 거치,MJ017,토목 전문공사,1
DT1066,강교 하역,SB178,강교 거치,MJ017,토목 전문공사,2
DT1067,지상조립 & Bolt'g,SB178,강교 거치,MJ017,토목 전문공사,2
DT1068,현장도장 1차(지조립부),SB178,강교 거치,MJ017,토목 전문공사,1
DT1069,강교부위 안전시설,SB178,강교 거치,MJ017,토목 전문공사,1
DT1070,강박스 이동,SB178,강교 거치,MJ017,토목 전문공사,1
DT1071,강교 설치,SB178,강교 거치,MJ017,토목 전문공사,3
DT1072,강교 연결부 Bolt'g,SB178,강교 거치,MJ017,토목 전문공사,2
DT1073,Shoe Setting,SB178,강교 거치,MJ017,토목 전문공사,1
DT1074,강교 측면 안전시설,SB178,강교 거치,MJ017,토목 전문공사,3
DT1075,강교도장 2차(접속부 및 전체),SB178,강교 거치,MJ017,토목 전문공사,1
DT1076,제작장 정리,SB179,PSC BEAM 제작,MJ017,토목 전문공사,2
DT1077,철근가공장 Setting 및 철근가공,SB179,PSC BEAM 제작,MJ017,토목 전문공사,2
DT1078,철근 조립,SB179,PSC BEAM 제작,MJ017,토목 전문공사,2
DT1079,거푸집 설치,SB179,PSC BEAM 제작,MJ017,토목 전문공사,2
DT1080,Con'c 타설,SB179,PSC BEAM 제작,MJ017,토목 전문공사,3
DT1081,거푸집 해체,SB179,PSC BEAM 제작,MJ017,토목 전문공사,1
DT1082,인장/유지,SB179,PSC BEAM 제작,MJ017,토목 전문공사,1
DT1083,준비작업(안전시설물 설치),SB180,교량 슬라브,MJ017,토목 전문공사,4
DT1084,슬라브 거푸집 조립(C 형강설치),SB180,교량 슬라브,MJ017,토목 전문공사,5
DT1085,슬라브 거푸집 조립(장선 및 거푸집 설치),SB180,교량 슬라브,MJ017,토목 전문공사,5
DT1086,슬라브 거푸집 조립(켄틸레바 설치 작업),SB180,교량 슬라브,MJ017,토목 전문공사,5
DT1087,슬라브 거푸집 조립(켄틸레바 위 장선작업),SB180,교량 슬라브,MJ017,토목 전문공사,5
DT1088,철근 조립,SB180,교량 슬라브,MJ017,토목 전문공사,3
DT1089,면고르기,SB180,교량 슬라브,MJ017,토목 전문공사,2
DT1090,콘크리트 타설,SB180,교량 슬라브,MJ017,토목 전문공사,5
DT1091,거푸집 해체,SB180,교량 슬라브,MJ017,토목 전문공사,3
DT1092,"Main Rail, Rear Bogie 설치",SB181,FCM 설치,MJ017,토목 전문공사,2
DT1093,Main Frame 설치,SB181,FCM 설치,MJ017,토목 전문공사,3
DT1094,Rear Truss 설치,SB181,FCM 설치,MJ017,토목 전문공사,2
DT1095,"Cross Arms, Front Beam",SB181,FCM 설치,MJ017,토목 전문공사,2
DT1096,내ㆍ외부 Form 설치,SB181,FCM 설치,MJ017,토목 전문공사,3
DT1097,"Bottom Form, 하부작업대",SB181,FCM 설치,MJ017,토목 전문공사,4
DT1098,상부작업대 및 합판거푸집 설치,SB181,FCM 설치,MJ017,토목 전문공사,3
DT1099,Main Rail 이동,SB182,FCM 이동,MJ017,토목 전문공사,2
DT1100,거푸집 Lowering,SB182,FCM 이동,MJ017,토목 전문공사,3
DT1101,F/T Lunching,SB182,FCM 이동,MJ017,토목 전문공사,3
DT1102,F/T 고정,SB182,FCM 이동,MJ017,토목 전문공사,2
DT1103,Form 설치,SB182,FCM 이동,MJ017,토목 전문공사,3
DT1104,내부 거푸집 다운 및 Bottom Form 해체,SB183,FCM 해체,MJ017,토목 전문공사,3
DT1105,F/T 작업발판 해체 및 외부 Form 해체,SB183,FCM 해체,MJ017,토목 전문공사,3
DT1106,"Cross Arms, Front Beam 해체",SB183,FCM 해체,MJ017,토목 전문공사,3
DT1107,Rear Frame 해체,SB183,FCM 해체,MJ017,토목 전문공사,3
DT1108,Main Frame 해체,SB183,FCM 해체,MJ017,토목 전문공사,3
DT1109,"Mail Rail, Rear Bogie 해체",SB183,FCM 해체,MJ017,토목 전문공사,3
DT1110,터파기 및 버림 Con'C 타설,SB184,라멘교,MJ017,토목 전문공사,5
DT1111,기초철근 및 거푸집 설치,SB184,라멘교,MJ017,토목 전문공사,2
DT1112,기초 Con'C 타설,SB184,라멘교,MJ017,토목 전문공사,3
DT1113,구체 1단 철근 및  거푸집 설치,SB184,라멘교,MJ017,토목 전문공사,3
DT1114,구체 1단 Con'C 타설,SB184,라멘교,MJ017,토목 전문공사,3
DT1115,되메우기 및 뒷채움,SB184,라멘교,MJ017,토목 전문공사,2
DT1116,거푸집 동바리 및 구체 2단 슬라브 철근 조립 및 거푸집 설치,SB184,라멘교,MJ017,토목 전문공사,3
DT1117,구체2단 및 SLAB Con'C 타설,SB184,라멘교,MJ017,토목 전문공사,4
DT1118,양생 및 거푸집 해체,SB184,라멘교,MJ017,토목 전문공사,1
DT1119,시공 이음부 CHIPPING 및 슈 고정장치 설치,SB185,교량받침,MJ017,토목 전문공사,6
DT1120,슈거치 후 E.L 및 Location 조정 작업,SB185,교량받침,MJ017,토목 전문공사,1
DT1121,무수축 몰탈 타설,SB185,교량받침,MJ017,토목 전문공사,3
DT1122,터파기,SB186,BOX교,MJ017,토목 전문공사,4
DT1123,버림거푸집 및 Con'C 타설,SB186,BOX교,MJ017,토목 전문공사,5
DT1124,기초거푸집 철근조립 및CON'C 타설,SB186,BOX교,MJ017,토목 전문공사,12
DT1125,내부 강재폼 설치,SB186,BOX교,MJ017,토목 전문공사,3
DT1126,벽체 및 슬라브 철근조립 및 외부 강재품 설치,SB186,BOX교,MJ017,토목 전문공사,5
DT1127,벽체 및 슬라브 CON'C 타설 및 양생,SB186,BOX교,MJ017,토목 전문공사,6
DT1128,PT 긴장작업,SB186,BOX교,MJ017,토목 전문공사,1
DT1129,"내,외부 강재폼 해체",SB186,BOX교,MJ017,토목 전문공사,5
DT1130,저수호안 토공 법면정리,SB187,호안사석,MJ017,토목 전문공사,3
DT1131,사석반입,SB187,호안사석,MJ017,토목 전문공사,3
DT1132,기초사석설치,SB187,호안사석,MJ017,토목 전문공사,2
DT1133,하부 필터매트 설치,SB187,호안사석,MJ017,토목 전문공사,1
DT1134,돌망태 설치,SB187,호안사석,MJ017,토목 전문공사,2
DT1135,마무리 사석설치,SB187,호안사석,MJ017,토목 전문공사,2
DT1136,작업준비 작업도구 사전점검 천공작업,SB188,터널굴착,MJ017,토목 전문공사,3
DT1137,장약 및 발파작업,SB188,터널굴착,MJ017,토목 전문공사,12
DT1138,버럭처리 및 운반,SB188,터널굴착,MJ017,토목 전문공사,5
DT1139,부석 제거,SB188,터널굴착,MJ017,토목 전문공사,2
DT1140,지보 설치,SB188,터널굴착,MJ017,토목 전문공사,9
DT1141,락볼트 설치,SB188,터널굴착,MJ017,토목 전문공사,1
DT1142,숏크리트 타설,SB188,터널굴착,MJ017,토목 전문공사,6
DT1143,라이닝 폼 설계,SB189,라이닝폼제작,MJ017,토목 전문공사,1
DT1144,라이닝 자재 확인,SB189,라이닝폼제작,MJ017,토목 전문공사,1
DT1145,"작업준비, 작업도구, 현장자재 반입작업",SB189,라이닝폼제작,MJ017,토목 전문공사,3
DT1146,주기둥 H-beam 종방향 조립,SB189,라이닝폼제작,MJ017,토목 전문공사,6
DT1147,발판ㆍ안전난간대 조립,SB189,라이닝폼제작,MJ017,토목 전문공사,4
DT1148,상부ㆍ날개 새들 조립,SB189,라이닝폼제작,MJ017,토목 전문공사,4
DT1149,보강 channel 조립,SB189,라이닝폼제작,MJ017,토목 전문공사,4
DT1150,Skin plate 조립,SB189,라이닝폼제작,MJ017,토목 전문공사,5
DT1151,마구리ㆍ점검창,SB189,라이닝폼제작,MJ017,토목 전문공사,3
DT1152,유압잭ㆍ구동장치,SB189,라이닝폼제작,MJ017,토목 전문공사,4
DT1153,샌딩 및 시운전,SB189,라이닝폼제작,MJ017,토목 전문공사,4
DT1154,공동구 터파기,SB190,배수공동구,MJ017,토목 전문공사,2
DT1155,거푸집 조립,SB190,배수공동구,MJ017,토목 전문공사,3
DT1156,콘크리트 버림타설,SB190,배수공동구,MJ017,토목 전문공사,6
DT1157,배수관 설치,SB190,배수공동구,MJ017,토목 전문공사,1
DT1158,철근배근,SB190,배수공동구,MJ017,토목 전문공사,3
DT1159,거푸집 설치,SB190,배수공동구,MJ017,토목 전문공사,4
DT1160,콘크리트 타설,SB190,배수공동구,MJ017,토목 전문공사,1
DT1161,장비적재,SB191,TBM 장비반입,MJ017,토목 전문공사,4
DT1162,운반,SB191,TBM 장비반입,MJ017,토목 전문공사,3
DT1163,현장 하역,SB191,TBM 장비반입,MJ017,토목 전문공사,2
DT1164,쉴드 TBM 장비 조립,SB192,TBM 장비조립,MJ017,토목 전문공사,4
DT1165,쉴드 TBM 장비 해체,SB192,TBM 장비조립,MJ017,토목 전문공사,4
DT1166,쉴드 반력대 설치,SB193,TBM 장비 반력대 설치,MJ017,토목 전문공사,2
DT1167,쉴드 받침대 설치,SB193,TBM 장비 반력대 설치,MJ017,토목 전문공사,2
DT1168,플랜트 설치,SB194,TBM 뒷채움,MJ017,토목 전문공사,2
DT1169,현장 배합,SB194,TBM 뒷채움,MJ017,토목 전문공사,1
DT1170,현장 주입,SB194,TBM 뒷채움,MJ017,토목 전문공사,3
DT1171,유지관리,SB194,TBM 뒷채움,MJ017,토목 전문공사,1
DT1172,배관 설치,SB195,TBM 콘크리트 타설,MJ017,토목 전문공사,2
DT1173,가공 및 조립,SB195,TBM 콘크리트 타설,MJ017,토목 전문공사,2
DT1174,거푸집 설치,SB195,TBM 콘크리트 타설,MJ017,토목 전문공사,3
DT1175,콘크리트 타설,SB195,TBM 콘크리트 타설,MJ017,토목 전문공사,2
DT1176,"혼합골재 운반, 보조기층/ 선택층 포설",SB196,기층포설 및 다짐,MJ017,토목 전문공사,1
DT1177,포설후 다짐,SB196,기층포설 및 다짐,MJ017,토목 전문공사,2
DT1178,프라임코트 포설 및 양생,SB196,기층포설 및 다짐,MJ017,토목 전문공사,1
DT1179,아스팔트 혼합물 포설,SB196,기층포설 및 다짐,MJ017,토목 전문공사,1
DT1180,아스팔트혼합물(기층)다짐,SB196,기층포설 및 다짐,MJ017,토목 전문공사,1
DT1181,택코트 포설 및 양생,SB196,기층포설 및 다짐,MJ017,토목 전문공사,1
DT1182,아스팔트혼합물(표층)다짐,SB196,기층포설 및 다짐,MJ017,토목 전문공사,1
DT1183,준설선 작업장소 예인,SB197,그라브준설,MJ017,토목 전문공사,2
DT1184,준설선 앵커 작업,SB197,그라브준설,MJ017,토목 전문공사,2
DT1185,준설토 적치 부선 접안,SB197,그라브준설,MJ017,토목 전문공사,4
DT1186,준설,SB197,그라브준설,MJ017,토목 전문공사,4
DT1187,침설관/해상관 연결 설치,SB198,펌프준설,MJ017,토목 전문공사,3
DT1188,해륙관 연결,SB198,펌프준설,MJ017,토목 전문공사,3
DT1189,본선 셋팅,SB198,펌프준설,MJ017,토목 전문공사,2
DT1190,준설 및 정비,SB198,펌프준설,MJ017,토목 전문공사,3
DT1191,준설토 정지,SB198,펌프준설,MJ017,토목 전문공사,1
DT1192,사석 상차,SB199,사석고르기,MJ017,토목 전문공사,4
DT1193,사석 선적,SB199,사석고르기,MJ017,토목 전문공사,3
DT1194,사석바지 예인,SB199,사석고르기,MJ017,토목 전문공사,2
DT1195,사석 투하 장비 앵커링,SB199,사석고르기,MJ017,토목 전문공사,2
DT1196,사석 투하,SB199,사석고르기,MJ017,토목 전문공사,2
DT1197,사석 고르기,SB199,사석고르기,MJ017,토목 전문공사,5
DT1198,사석 수중 고르기,SB199,사석고르기,MJ017,토목 전문공사,3
DT1199,잠수장비 관리,SB199,사석고르기,MJ017,토목 전문공사,3
DT1200,저판(기초) STEEL FORM SETTING,SB200,케이슨제작,MJ017,토목 전문공사,3
DT1201,철근조립,SB200,케이슨제작,MJ017,토목 전문공사,3
DT1202,STEEL FORM 조립작업,SB200,케이슨제작,MJ017,토목 전문공사,3
DT1203,CON'C 타설 작업,SB200,케이슨제작,MJ017,토목 전문공사,3
DT1204,STEEL FORM 해체/인상,SB200,케이슨제작,MJ017,토목 전문공사,4
DT1205,케이슨 면보수 및 차수판 설치작업,SB200,케이슨제작,MJ017,토목 전문공사,3
DT1206,상부 안전난간대 설치,SB201,케이슨거치,MJ017,토목 전문공사,2
DT1207,상부 발판설치,SB201,케이슨거치,MJ017,토목 전문공사,2
DT1208,조금구 체결,SB201,케이슨거치,MJ017,토목 전문공사,2
DT1209,DEVICE 체결,SB201,케이슨거치,MJ017,토목 전문공사,2
DT1210,FD 예인,SB201,케이슨거치,MJ017,토목 전문공사,3
DT1211,FD 진수,SB201,케이슨거치,MJ017,토목 전문공사,1
DT1212,케이슨 DOCK OUT,SB201,케이슨거치,MJ017,토목 전문공사,4
DT1213,케이슨 예인,SB201,케이슨거치,MJ017,토목 전문공사,3
DT1214,케이슨 정위치 조정,SB201,케이슨거치,MJ017,토목 전문공사,3
DT1215,케이슨 충수,SB201,케이슨거치,MJ017,토목 전문공사,2
DT1216,차수판 해체,SB201,케이슨거치,MJ017,토목 전문공사,3
DT1217,케이슨 가거치,SB201,케이슨거치,MJ017,토목 전문공사,1
DT1218,준설선 작업장소 예인,SB202,케이슨 속채움,MJ017,토목 전문공사,2
DT1219,준설선 앵커 작업,SB202,케이슨 속채움,MJ017,토목 전문공사,2
DT1220,준설토 적치 부선 접안,SB202,케이슨 속채움,MJ017,토목 전문공사,4
DT1221,케이슨 속채움 작업,SB202,케이슨 속채움,MJ017,토목 전문공사,5
DT1222,거푸집 청소,SB203,TTP제작,MJ017,토목 전문공사,1
DT1223,박리제 도포,SB203,TTP제작,MJ017,토목 전문공사,2
DT1224,거푸집 조립,SB203,TTP제작,MJ017,토목 전문공사,2
DT1225,CON'C 타설,SB203,TTP제작,MJ017,토목 전문공사,5
DT1226,거푸집 탈형,SB203,TTP제작,MJ017,토목 전문공사,3
DT1227,이적/전치,SB203,TTP제작,MJ017,토목 전문공사,2
DT1228,블럭 선적,SB204,TTP설치,MJ017,토목 전문공사,2
DT1229,B/G 이동,SB204,TTP설치,MJ017,토목 전문공사,2
DT1230,B/G 셋팅,SB204,TTP설치,MJ017,토목 전문공사,2
DT1231,수상부 블럭거치,SB204,TTP설치,MJ017,토목 전문공사,1
DT1232,수중부 블럭거치,SB204,TTP설치,MJ017,토목 전문공사,2
DT1233,블록 상차,SB205,블록거치,MJ017,토목 전문공사,2
DT1234,블록 운반,SB205,블록거치,MJ017,토목 전문공사,1
DT1235,블록 선적,SB205,블록거치,MJ017,토목 전문공사,3
DT1236,블록 바지선 예인,SB205,블록거치,MJ017,토목 전문공사,2
DT1237,블록 거치,SB205,블록거치,MJ017,토목 전문공사,4
DT1238,거푸집 제작,SB206,상치지보공,MJ017,토목 전문공사,2
DT1239,거푸집 거치,SB206,상치지보공,MJ017,토목 전문공사,2
DT1240,거푸집 세팅,SB206,상치지보공,MJ017,토목 전문공사,2
DT1241,Con'c 타설,SB206,상치지보공,MJ017,토목 전문공사,4
DT1242,양생 후 거푸집 탈형,SB206,상치지보공,MJ017,토목 전문공사,3
DT1243,JACKET 해상운반,SB207,JACKER 설치,MJ017,토목 전문공사,1
DT1244,해상 크레인 인양 및 턴 어라운드,SB207,JACKER 설치,MJ017,토목 전문공사,4
DT1245,자켓 가거치 및 작업대 설치,SB207,JACKER 설치,MJ017,토목 전문공사,1
DT1246,자켓 정거치 및 파일 입공,SB207,JACKER 설치,MJ017,토목 전문공사,2
DT1247,자켓파일 항타,SB207,JACKER 설치,MJ017,토목 전문공사,1
DT1248,작업대 세팅,SB207,JACKER 설치,MJ017,토목 전문공사,3
DT1249,굴착 및 PINPILE 설치,SB207,JACKER 설치,MJ017,토목 전문공사,3
DT1250,그라우팅,SB207,JACKER 설치,MJ017,토목 전문공사,2
DT1251,"두부정리 및 SHIMPLATE, CROWN 설치",SB207,JACKER 설치,MJ017,토목 전문공사,3
DT1252,DECK PLATE 설치,SB207,JACKER 설치,MJ017,토목 전문공사,2
DT1253,철근배근 및 거푸집 설치,SB207,JACKER 설치,MJ017,토목 전문공사,3
DT1254,콘크리트 타설,SB207,JACKER 설치,MJ017,토목 전문공사,2
DT1255,작업대 설치,SB208,COPING 구조물,MJ017,토목 전문공사,3
DT1256,가기설 H-BEAM 설치,SB208,COPING 구조물,MJ017,토목 전문공사,4
DT1257,HEAD BEAM 설치,SB208,COPING 구조물,MJ017,토목 전문공사,3
DT1258,거푸집 설치,SB208,COPING 구조물,MJ017,토목 전문공사,5
DT1259,철근배근,SB208,COPING 구조물,MJ017,토목 전문공사,4
DT1260,외부거푸집 설치,SB208,COPING 구조물,MJ017,토목 전문공사,1
DT1261,콘크리트 타설,SB208,COPING 구조물,MJ017,토목 전문공사,2
DT1262,거푸집 해체,SB208,COPING 구조물,MJ017,토목 전문공사,3
DT1263,굴착 작업,SB209,부단수 천공,MJ017,토목 전문공사,5
DT1264,수직구 작업,SB209,부단수 천공,MJ017,토목 전문공사,3
DT1265,제작장 부지 조성,SB210,제작장 설치,MJ017,토목 전문공사,8
DT1266,제작장 설치,SB210,제작장 설치,MJ017,토목 전문공사,8
DT1267,슬립 폼 제작,SB211,슬립 폼,MJ017,토목 전문공사,9
DT1268,슬립 폼 인양,SB211,슬립 폼,MJ017,토목 전문공사,11
DT1269,슬립 폼 해체,SB211,슬립 폼,MJ017,토목 전문공사,11
DT1270,부재 반입,SB212,강교설치,MJ017,토목 전문공사,13
DT1271,"강교 부재 운반, 인양",SB212,강교설치,MJ017,토목 전문공사,15
DT1272,강교 부재 조립,SB212,강교설치,MJ017,토목 전문공사,12
DT1273,강교 슬라브 시공,SB212,강교설치,MJ017,토목 전문공사,9
DT1274,PSC 교량 거더 제작,SB213,PSC교량,MJ017,토목 전문공사,8
DT1275,PSC 교량 거더 인양 및 상차,SB213,PSC교량,MJ017,토목 전문공사,7
DT1276,PSC 교량 거더 운반,SB213,PSC교량,MJ017,토목 전문공사,8
DT1277,PSC 교량 거더 인양 및 거치,SB213,PSC교량,MJ017,토목 전문공사,9
DT1278,PSC 교량 Cross Beam,SB213,PSC교량,MJ017,토목 전문공사,7
DT1279,PSC 교량 슬라브 시공,SB213,PSC교량,MJ017,토목 전문공사,13
DT1280,포장 장비 반입,SB214,포장,MJ017,토목 전문공사,7
DT1281,포장 시공,SB214,포장,MJ017,토목 전문공사,8
DT1282,포설 및 다짐,SB215,포설 및 다짐,MJ017,토목 전문공사,10
DT1283,수직구 보강,SB216,수직구,MJ017,토목 전문공사,7
DT1284,수직구 굴착,SB216,수직구,MJ017,토목 전문공사,6
DT1285,수직구 토사반출,SB216,수직구,MJ017,토목 전문공사,9
DT1286,수직구 흙막이 지보공 시공,SB216,수직구,MJ017,토목 전문공사,12
DT1287,갱구부 벌목 및 표토제거,SB217,갱구부,MJ017,토목 전문공사,10
DT1288,갱구부 보강,SB217,갱구부,MJ017,토목 전문공사,11
DT1289,터널 강지보,SB218,터널보강,MJ017,토목 전문공사,10
DT1290,터널 숏크리트,SB218,터널보강,MJ017,토목 전문공사,9
DT1291,터널 락볼트,SB218,터널보강,MJ017,토목 전문공사,11
DT1292,터널 특수보강,SB218,터널보강,MJ017,토목 전문공사,12
DT1293,터널 방수시트 설치,SB219,터널방수,MJ017,토목 전문공사,8
DT1294,추진코(NOSE) 설치,SB220,ILM,MJ017,토목 전문공사,3
DT1295,"내,외부 거푸집 설치",SB220,ILM,MJ017,토목 전문공사,4
DT1296,내부 철근 조립,SB220,ILM,MJ017,토목 전문공사,1
DT1297,강선 인장,SB220,ILM,MJ017,토목 전문공사,2
DT1298,Sliding pad 삽입 및 Shoe 용접,SB220,ILM,MJ017,토목 전문공사,2
DT1299,거더 설치,SB220,ILM,MJ017,토목 전문공사,1
DT1300,강선 삽입 및 내부 인장작업,SB220,ILM,MJ017,토목 전문공사,2
DT1301,특수교량 작업 (사장교),SB221,사장교,MJ017,토목 전문공사,17
DT1302,특수교량 작업 (현수교),SB222,현수교,MJ017,토목 전문공사,13
DT1303,특수댐(양수발전용),SB223,특수댐,MJ017,토목 전문공사,9
DT1304,콘크리트 뱃칭 플랜트,SB224,가설플랜트,MJ017,토목 전문공사,9
DT1305,숏크리트 플랜트,SB224,가설플랜트,MJ017,토목 전문공사,6
DT1306,크라샤 플랜트,SB224,가설플랜트,MJ017,토목 전문공사,6
DT1307,작업준비,SB225,피복석/사석(잠수),MJ017,토목 전문공사,2
DT1308,잠수,SB225,피복석/사석(잠수),MJ017,토목 전문공사,7
DT1309,피복석 고르기,SB225,피복석/사석(잠수),MJ017,토목 전문공사,2
DT1310,피복석 반입,SB225,피복석/사석(잠수),MJ017,토목 전문공사,1
DT1311,피복석 투하,SB225,피복석/사석(잠수),MJ017,토목 전문공사,2
DT1312,준비작업,SB226,누수감지센서,MJ017,토목 전문공사,2
DT1313,누수감지 센서 설치,SB226,누수감지센서,MJ017,토목 전문공사,4
DT1314,작업종료,SB226,누수감지센서,MJ017,토목 전문공사,1
DT1315,사석투하,SB227,물양장 설치,MJ017,토목 전문공사,7
DT1316,블록 제작 / 거치,SB227,물양장 설치,MJ017,토목 전문공사,6
DT1317,CAP 콘크리트,SB227,물양장 설치,MJ017,토목 전문공사,5
DT1318,포장공사,SB227,물양장 설치,MJ017,토목 전문공사,4
DT1319,피복석 투하 / 고르기,SB227,물양장 설치,MJ017,토목 전문공사,3
DT1320,Base Plat 설치,SB228,초고압기기 설치,MJ017,토목 전문공사,3
DT1321,GIS 설치,SB228,초고압기기 설치,MJ017,토목 전문공사,7
DT1322,변압기 설치,SB228,초고압기기 설치,MJ017,토목 전문공사,5
DT1323,Bus Duct 설치,SB228,초고압기기 설치,MJ017,토목 전문공사,5
DT1324,수배전반 설치,SB228,초고압기기 설치,MJ017,토목 전문공사,9
DT1325,SCADA 설치,SB228,초고압기기 설치,MJ017,토목 전문공사,7
DT1326,Tray 설치,SB228,초고압기기 설치,MJ017,토목 전문공사,4
DT1327,Cable 포설,SB228,초고압기기 설치,MJ017,토목 전문공사,3
DT1328,케이블선적,SB229,해상케이블 포설,MJ017,토목 전문공사,1
DT1329,케이블포설 (텐셔너 관리),SB229,해상케이블 포설,MJ017,토목 전문공사,3
DT1330,케이블포설 (케이블 웨이 관리),SB229,해상케이블 포설,MJ017,토목 전문공사,3
DT1331,선박작업 (갑판작업),SB229,해상케이블 포설,MJ017,토목 전문공사,3
DT1332,선박작업 (크레인운용),SB229,해상케이블 포설,MJ017,토목 전문공사,3
DT1333,선박작업 (윈치운용),SB229,해상케이블 포설,MJ017,토목 전문공사,4
DT1334,선박작업 (접근선박 관리),SB229,해상케이블 포설,MJ017,토목 전문공사,3
DT1335,선박작업 (승ㆍ하선 관리),SB229,해상케이블 포설,MJ017,토목 전문공사,3
DT1336,Buoy 부착,SB229,해상케이블 포설,MJ017,토목 전문공사,1
DT1337,케이블 견인 (윈치사용),SB229,해상케이블 포설,MJ017,토목 전문공사,1
DT1338,스톤백 제작 및 인양,SB229,해상케이블 포설,MJ017,토목 전문공사,2
DT1339,케이블 매설 (ROV Trencher),SB229,해상케이블 포설,MJ017,토목 전문공사,1
DT1340,육양작업,SB229,해상케이블 포설,MJ017,토목 전문공사,3
DT1341,잠수작업,SB229,해상케이블 포설,MJ017,토목 전문공사,7
DT1342,자재 하역,SB230,거더 제작 및 거치,MJ017,토목 전문공사,1
DT1343,철근 가공,SB230,거더 제작 및 거치,MJ017,토목 전문공사,2
DT1344,부지 조성 및 받침대 설치,SB230,거더 제작 및 거치,MJ017,토목 전문공사,2
DT1345,철근 조립 및 쉬즈관 설치,SB230,거더 제작 및 거치,MJ017,토목 전문공사,2
DT1346,거푸집 조립 및 해체,SB230,거더 제작 및 거치,MJ017,토목 전문공사,5
DT1347,콘크리트 타설,SB230,거더 제작 및 거치,MJ017,토목 전문공사,3
DT1348,강연선 삽입 및 컷팅,SB230,거더 제작 및 거치,MJ017,토목 전문공사,2
DT1349,거더 인장,SB230,거더 제작 및 거치,MJ017,토목 전문공사,2
DT1350,그라우팅,SB230,거더 제작 및 거치,MJ017,토목 전문공사,2
DT1351,상차운반,SB230,거더 제작 및 거치,MJ017,토목 전문공사,3
DT1352,거더 거치,SB230,거더 제작 및 거치,MJ017,토목 전문공사,2
DT1353,전도방지 및 용접,SB230,거더 제작 및 거치,MJ017,토목 전문공사,2
DT1354,자재하역 및 운반,SB231,심층혼합처리(DCM)공법,MJ017,토목 전문공사,3
DT1355,리더 조립 및 구조물 거치,SB231,심층혼합처리(DCM)공법,MJ017,토목 전문공사,3
DT1356,콘크리트 타설,SB231,심층혼합처리(DCM)공법,MJ017,토목 전문공사,2
DT1357,DCM 작업(천공 및 교반),SB231,심층혼합처리(DCM)공법,MJ017,토목 전문공사,9
DT1358,작업준비,SB232,할석,MJ018,기타공사,2
DT1359,B/T 비계 및 작업발판,SB232,할석,MJ018,기타공사,2
DT1360,작업 실시,SB232,할석,MJ018,기타공사,7
DT1361,해체작업,SB232,할석,MJ018,기타공사,3
DT1362,정리정돈,SB232,할석,MJ018,기타공사,1
DT1363,자재반입/적재,SB233,골조단열,MJ018,기타공사,2
DT1364,자재양중,SB233,골조단열,MJ018,기타공사,1
DT1365,열선 이용 절단 / 천공,SB233,골조단열,MJ018,기타공사,3
DT1366,작업준비,SB234,단열뿜칠,MJ018,기타공사,3
DT1367,보양비닐 작업,SB234,단열뿜칠,MJ018,기타공사,1
DT1368,뿜칠 작업,SB234,단열뿜칠,MJ018,기타공사,7
DT1369,작업종료,SB234,단열뿜칠,MJ018,기타공사,1
DT1370,작업전 확인사항,SB235,철거공사,MJ018,기타공사,3
DT1371,구조물 철거,SB235,철거공사,MJ018,기타공사,17
DT1372,살수작업,SB235,철거공사,MJ018,기타공사,4
DT1373,철거 폐기물 선별 및 상차,SB235,철거공사,MJ018,기타공사,2
DT1374,되메우기 작업,SB235,철거공사,MJ018,기타공사,1
DT1375,폐자재 반출,SB235,철거공사,MJ018,기타공사,1
DT1376,장비 및 자재 점검,SB236,P.P마대쌓기,MJ018,기타공사,2
DT1377,작업구역 사전통제,SB236,P.P마대쌓기,MJ018,기타공사,1
DT1378,톤마대 담기 및 운반,SB236,P.P마대쌓기,MJ018,기타공사,1
DT1379,설치,SB236,P.P마대쌓기,MJ018,기타공사,1
DT1380,현장정리,SB236,P.P마대쌓기,MJ018,기타공사,1
DT1381,작업준비,SB237,폐기물 정리,MJ018,기타공사,1
DT1382,폐기물 절단,SB237,폐기물 정리,MJ018,기타공사,2
DT1383,폐기물 소운반,SB237,폐기물 정리,MJ018,기타공사,4
DT1384,폐기물 장비운반,SB237,폐기물 정리,MJ018,기타공사,5
DT1385,이동식크레인,SB238,양중작업,MJ019,공통 일반,10
DT1386,타워크레인,SB238,양중작업,MJ019,공통 일반,10
DT1387,갠트리크레인,SB238,양중작업,MJ019,공통 일반,7
DT1388,호이스트,SB238,양중작업,MJ019,공통 일반,4
DT1389,체인블럭,SB238,양중작업,MJ019,공통 일반,6
DT1390,덤프트럭,SB239,하역운반작업,MJ019,공통 일반,5
DT1391,고소작업대,SB239,하역운반작업,MJ019,공통 일반,3
DT1392,고소작업차,SB239,하역운반작업,MJ019,공통 일반,6
DT1393,탑승용 윈치,SB239,하역운반작업,MJ019,공통 일반,2
DT1394,굴삭기,SB240,기초토공 작업,MJ019,공통 일반,6
DT1395,항타기,SB240,기초토공 작업,MJ019,공통 일반,5
DT1396,작업 준비,SB241,해상 장비 작업,MJ019,공통 일반,1
DT1397,장비 반입,SB241,해상 장비 작업,MJ019,공통 일반,2
DT1398,장비 점검,SB241,해상 장비 작업,MJ019,공통 일반,1
DT1399,장비 운영,SB241,해상 장비 작업,MJ019,공통 일반,4
DT1400,"장비 해체, 반출",SB241,해상 장비 작업,MJ019,공통 일반,1
DT1401,공기압축기,SB242,공기압축기,MJ019,공통 일반,7
DT1402,작업준비(작업승인),SB243,천정 속 작업,MJ019,공통 일반,1
DT1403,설계단계,SB243,천정 속 작업,MJ019,공통 일반,1
DT1404,천장 속 작업,SB243,천정 속 작업,MJ019,공통 일반,1
DT1405,중간 열린 개구부,SB243,천정 속 작업,MJ019,공통 일반,1
DT1406,개구부 주변작업,SB243,천정 속 작업,MJ019,공통 일반,1
DT1407,작업 전,SB244,밀폐공간 작업,MJ019,공통 일반,1
DT1408,작업 중,SB244,밀폐공간 작업,MJ019,공통 일반,1
DT1409,작업 후,SB244,밀폐공간 작업,MJ019,공통 일반,1
DT1410,개구부 주변작업,SB245,개구부 작업,MJ019,공통 일반,3
DT1411,장비 반입구 등 양중용 개구부,SB245,개구부 작업,MJ019,공통 일반,3
DT1412,"덕트, 배관 등 본시설 설치용 개구부",SB245,개구부 작업,MJ019,공통 일반,2
DT1413,작업준비,SB246,이동식 틀 비계,MJ019,공통 일반,3
DT1414,작업 중,SB246,이동식 틀 비계,MJ019,공통 일반,6
DT1415,배선 등 전압/전류 Test,SB247,전기활선 및 근접작업,MJ019,공통 일반,1
DT1416,"배선 및 설비 교체, 활선 근접 작업",SB247,전기활선 및 근접작업,MJ019,공통 일반,1
DT1417,충전부 인근 작업,SB247,전기활선 및 근접작업,MJ019,공통 일반,1
DT1418,고압선 인근 양중 및 장비작업,SB247,전기활선 및 근접작업,MJ019,공통 일반,1
DT1419,작업 전,SB248,"용접, 용단작업",MJ019,공통 일반,1
DT1420,작업 후,SB248,"용접, 용단작업",MJ019,공통 일반,1
DT1421,작업 준비,SB249,사다리,MJ019,공통 일반,2
DT1422,미세먼지,SB250,건강관리,MJ019,공통 일반,1
DT1423,혹서기,SB250,건강관리,MJ019,공통 일반,1
DT1424,자외선,SB250,건강관리,MJ019,공통 일반,1
DT1425,혹한기,SB250,건강관리,MJ019,공통 일반,1
DT1426,특별관리물질 취급,SB250,건강관리,MJ019,공통 일반,1
DT1427,잔여위험요소,SB251,설계 안전성 검토,MJ019,공통 일반,4
DT1428,중대재해,SB252,중대재해,MJ020,재해 사례,7
DT1429,일반재해,SB253,일반재해,MJ020,재해 사례,123
DT1430,아차사고,SB254,아차사고,MJ020,재해 사례,3
